Unnamed: 0,S.no,Instagram name, Name,Subscribers,Audience country,"Authentic engagement
","Engagement average
",Category_1,Category_2,Month
0,1,cristiano,Cristiano Ronaldo,477.9M,India,5M,6.2M,Sports with a ball,,September
1,2,kyliejenner,Kylie ğŸ¤,368.1M,United States,3.5M,5.5M,Fashion,Modeling,September
2,3,arianagrande,Ariana Grande,329.6M,United States,2.9M,4M,,,September
3,4,leomessi,Leo Messi,358.6M,Indonesia,2.7M,3.5M,Sports with a ball,Family,September
4,5,zendaya,Zendaya,151.1M,United States,4.3M,5.8M,Cinema & Actors/actresses,Fashion,September
5,6,selenagomez,Selena Gomez,344.2M,United States,1.8M,2.4M,Lifestyle,,September
6,7,taylorswift,Taylor Swift,223.5M,Brazil,2.5M,3.3M,,,September
7,8,thv,V,50.8M,South Korea,12.7M,12.7M,,,September
8,9,virat.kohli,Virat Kohli,212.6M,India,2.6M,2.9M,Sports with a ball,,September
9,10,beyonce,BeyonceÌ,274.1M,United States,1.5M,2.1M,Fashion,,September
10,11,kimkardashian,Kim Kardashian,329.8M,United States,1.2M,1.6M,Fashion,Beauty,September
11,12,tomholland2013,Tom Holland,68M,United States,6.3M,7.7M,Cinema & Actors/actresses,,September
12,13,j.m,JIMIN,43.5M,South Korea,11.6M,11.6M,,,September
13,14,billieeilish,BILLIE EILISH,106.2M,United States,3.5M,4.6M,,,September
14,15,lalalalisa_m,LISA,81.7M,Indonesia,5M,5.8M,,,September
15,16,justinbieber,Justin Bieber,256.3M,Brazil,1.3M,1.8M,,,September
16,17,neymarjr,NJ ğŸ‡§ğŸ‡·,178.1M,Brazil,1.5M,2.2M,Sports with a ball,,September
17,18,agustd,SUGA of BTS ë¯¼ìœ¤ê¸°,38.3M,South Korea,9.9M,9.9M,Lifestyle,,September
18,19,sooyaaa__,JISOOğŸ¤,63.8M,Indonesia,4.9M,5.6M,Beauty,,September
19,20,jin,Jin of BTS,39.5M,United States,8.8M,8.8M,,,September
20,21,kendalljenner,Kendall,255.4M,United States,852K,1.3M,Modeling,Fashion,September
21,22,karolg,KAROL G,56.2M,Mexico,5M,6.1M,,,September
22,23,kourtneykardash,Kourtney Kardashian Barker,196.4M,United States,1.2M,1.7M,Lifestyle,,September
23,24,khaby00,Khaby Lame,79.3M,India,2.8M,3.9M,Sports with a ball,,September
24,25,uarmyhope,jhope,39.4M,South Korea,7.8M,7.8M,,,September
25,26,jennierubyjane,J,69.8M,Indonesia,3.7M,4.4M,,,September
26,27,roses_are_rosie,ROSEÌ,62.7M,Indonesia,3.7M,4.3M,,,September
27,28,badbunnypr,,42.8M,United States,3.6M,5.6M,,,September
28,29,milliebobbybrown,Millie Bobby Brown,58.4M,Brazil,3.1M,4M,Cinema & Actors/actresses,,September
29,30,jlo,Jennifer Lopez,220.9M,United States,830.4K,1.1M,Cinema & Actors/actresses,,September
30,31,zayn,Zayn Malik,47M,India,3.1M,4.9M,,,September
31,32,rkive,RM,37.8M,,5.9M,5.9M,Lifestyle,,September
32,33,instagram,Instagram,546.6M,India,285.4K,356.6K,Photography,,September
33,34,bts.bighitofficial,BTS official,67.5M,Indonesia,2.5M,2.7M,,,September
34,35,iamcardib,Cardi B,140.4M,United States,893.8K,1.3M,Fashion,,September
35,36,jungkook.97,ì „ ì •êµ­ ì´ì˜¬ì‹œë‹¤,45.8M,,3.8M,3.8M,,,September
36,37,champagnepapi,champagnepapi,120.2M,United States,877K,1.4M,,,September
37,38,therock,Dwayne Johnson,335.9M,India,375.2K,477.5K,Cinema & Actors/actresses,Fitness & Gym,September
38,39,nickiminaj,Barbie,201.8M,United States,486.1K,765.5K,,,September
39,40,narendramodi,Narendra Modi,69.3M,India,1.8M,2M,Finance & Economics,Business & Careers,September
40,41,kingjames,ğŸ‘‘,131.5M,United States,618.3K,1.1M,Sports with a ball,,September
41,42,khloekardashian,KhloeÌ Kardashian,268.4M,United States,403.1K,499.3K,Clothing & Outfits,Lifestyle,September
42,43,dualipa,DUA LIPA,86.3M,United States,1.2M,1.5M,,,September
43,44,willsmith,Will Smith,63.7M,United States,1.6M,1.9M,Cinema & Actors/actresses,,September
44,45,shawnmendes,Shawn Mendes,70.2M,Brazil,1.2M,1.7M,,,September
45,46,eunwo.o_c,ì°¨ì€ìš°,30.2M,Indonesia,3.2M,3.9M,Lifestyle,,September
46,47,harrystyles,,47.3M,United States,1.7M,2.3M,Fashion,,September
47,48,dlwlrma,á„‹á…µá„Œá…µá„€á…³á†· IU,27.6M,South Korea,3.2M,3.8M,,,September
48,49,actorleeminho,á„‹á…µá„†á…µá†«á„’á…© leeminho,30.7M,Indonesia,2.6M,3.4M,Cinema & Actors/actresses,,September
49,50,noahschnapp,Noah Schnapp,27.5M,Brazil,2.8M,3.7M,Cinema & Actors/actresses,,September
50,51,adele,Adele,50.8M,United States,1.4M,1.9M,,,September
51,52,shraddhakapoor,Shraddha âœ¶,74.4M,India,1.1M,1.3M,Cinema & Actors/actresses,,September
52,53,gigihadid,Gigi Hadid,75.4M,United States,795.5K,1.2M,Modeling,Lifestyle,September
53,54,oliviarodrigo,Olivia Rodrigo,27.8M,India,2.5M,3.1M,Cinema & Actors/actresses,,September
54,55,georginagio,Georgina RodriÌguez,39.1M,India,1.5M,2.1M,Lifestyle,Fashion,September
55,56,katrinakaif,Katrina Kaif,66.6M,India,1.1M,1.2M,Beauty,,September
56,57,haileybieber,Hailey Rhode Baldwin Bieber,47.6M,United States,1.3M,1.7M,Lifestyle,Modeling,September
57,58,k.mbappe,Kylian MbappeÌ,72.6M,France,797.2K,1.1M,Sports with a ball,,September
58,59,blakelively,Blake Lively,35M,United States,1.5M,2.3M,Cinema & Actors/actresses,,September
59,60,anushkasharma,AnushkaSharma1588,59.7M,India,1.2M,1.3M,Cinema & Actors/actresses,,September
60,61,nasa,NASA,82.3M,India,800.4K,961.7K,Science,Photography,September
61,62,handemiyy,Hande ErcÌ§el,28.9M,Turkey,2.1M,2.7M,Cinema & Actors/actresses,,September
62,63,sadiesink_,Sadie Sink,24.6M,Brazil,2.2M,3.1M,Modeling,Lifestyle,September
63,64,ester_exposito,Ester ğŸŒ™,29.2M,Mexico,1.7M,2.5M,Cinema & Actors/actresses,,September
64,65,johnnydepp,Johnny Depp,27.6M,India,1.9M,2.5M,Cinema & Actors/actresses,,September
65,66,chrishemsworth,Chris Hemsworth,56M,India,929.3K,1.2M,Cinema & Actors/actresses,,September
66,67,robertdowneyjr,Robert Downey Jr. Official,53.4M,India,987.5K,1.2M,Cinema & Actors/actresses,,September
67,68,jongsuk0206,ì´ì¢…ì„,23.5M,Indonesia,2.1M,2.8M,Cinema & Actors/actresses,,September
68,69,karimbenzema,Karim Benzema,57.1M,France,798.6K,1.1M,Sports with a ball,,September
69,70,fcbarcelona,FC Barcelona,111.9M,Indonesia,383.8K,585.4K,Sports with a ball,,September
70,71,charlidamelio,charli,49.1M,United States,1.1M,1.3M,Lifestyle,Shows,September
71,72,camila_cabello,camila,65.1M,Brazil,704.3K,956.7K,,,September
72,73,bn_sj2013,á„‡á…¡á†¨á„‰á…¥á„Œá…®á†«,22.7M,Indonesia,2.2M,2.6M,Cinema & Actors/actresses,Modeling,September
73,74,lelepons,Lele Pons,49.4M,Mexico,759.9K,1.2M,,,September
74,75,realmadrid,Real Madrid C.F.,124.6M,Spain,324.4K,450.7K,Sports with a ball,,September
75,76,blackpinkofficial,BLÎ›Æ†KPIĞ˜K,49M,Indonesia,907K,1.1M,,,September
76,77,ddlovato,Demi Lovato,139.2M,United States,302.7K,392K,,,September
77,78,gal_gadot,Gal Gadot,86.4M,United States,485.5K,627.3K,Cinema & Actors/actresses,,September
78,79,dishapatani,disha patani (paatni) ğŸ¦‹,53.6M,India,802.5K,988K,Cinema & Actors/actresses,Lifestyle,September
79,80,niallhoran,Niall Horan,30.5M,United States,1.2M,1.7M,,,September
80,81,rashmika_mandanna,Rashmika Mandanna,33.1M,India,1.3M,1.6M,Beauty,Cinema & Actors/actresses,September
81,82,dojacat,Doja Cat,24.2M,United States,1.5M,2M,,,September
82,83,dovecameron,DOVE,48.3M,United States,767.9K,1M,Cinema & Actors/actresses,,September
83,84,realstraykids,Stray Kids,22.7M,Indonesia,1.7M,2.1M,,,September
84,85,beingsalmankhan,Salman Khan,53.9M,India,690.3K,883.4K,Cinema & Actors/actresses,,September
85,86,ursulolita,UÌrsula CorberoÌ âœ¨,23.7M,Brazil,1.4M,2M,Cinema & Actors/actresses,Modeling,September
86,87,paulodybala,Paulo Dybala,48.6M,Argentina,583.5K,934K,Sports with a ball,,September
87,88,songkang_b,á„‰á…©á†¼á„€á…¡á†¼,14.7M,Mexico,2.2M,3M,,,September
88,89,virginia,Virginia Fonseca Costa,39.2M,Brazil,708.4K,1.1M,Shows,Lifestyle,September
89,90,hardikpandya93,Hardik Himanshu Pandya,23M,India,1.5M,1.9M,Sports with a ball,,September
90,91,jacksonwang852g7,Jackson Wang,30M,China,1.2M,1.4M,,,September
91,92,zacefron,Zac Efron,54.8M,United States,534.4K,774.7K,Cinema & Actors/actresses,,September
92,93,jacquelinef143,Jacqueline Fernandez,63M,India,551.4K,672.1K,Cinema & Actors/actresses,,September
93,94,yawnzzn,YEONJUN,10.7M,India,3M,3.9M,,,September
94,95,oohsehun,SEHUN,23.2M,Indonesia,1.5M,1.8M,,,September
95,96,bellahadid,Bella ğŸ¦‹,54.6M,United States,474.5K,758.9K,Modeling,,September
96,97,kimberly.loaiza,KIM LOAIZA ğŸ–¤,35.8M,Mexico,959.2K,1.2M,Clothing & Outfits,Lifestyle,September
97,98,iamzlatanibrahimovic,Zlatan IbrahimoviÄ‡,55.4M,Italy,481K,740.7K,Sports with a ball,,September
98,99,chrisevans,Chris Evans,17.7M,United States,1.9M,2.3M,Cinema & Actors/actresses,,September
99,100,maluma,MALUMA,62.9M,Italy,413.3K,636.9K,,,September
100,101,aliaabhatt,Alia Bhatt ğŸ¤â˜€ï¸,69.7M,India,452.5K,560K,Cinema & Actors/actresses,,September
101,102,tchalamet,TimotheÌe Chalamet,17.8M,United States,1.3M,2.2M,Cinema & Actors/actresses,,September
102,103,championsleague,UEFA Champions League,97.6M,Brazil,285.7K,389.3K,Sports with a ball,,September
103,104,vindiesel,Vin Diesel,82.7M,Brazil,353.2K,457.4K,Cinema & Actors/actresses,,September
104,105,anitta,Anitta ğŸ¤,63.2M,Brazil,316.2K,590.4K,,,September
105,106,kiaraaliaadvani,KIARA,25M,India,1.2M,1.4M,Cinema & Actors/actresses,,September
106,107,shahidkapoor,Shahid Kapoor,35.7M,India,858K,971.6K,Cinema & Actors/actresses,,September
107,108,davidbeckham,David Beckham,75.1M,India,360.5K,462.3K,Family,Sports with a ball,September
108,109,finnwolfhardofficial,Finn Wolfhard,26.3M,Brazil,1M,1.3M,Cinema & Actors/actresses,,September
109,110,mosalah,Mohamed Salah,52.7M,Egypt,458.8K,650K,Sports with a ball,,September
110,111,priyankachopra,Priyanka,81.8M,India,343.4K,417.3K,Cinema & Actors/actresses,,September
111,112,antonelaroccuzzo,Antonela Roccuzzo,20.2M,Argentina,1M,1.7M,Modeling,Family,September
112,113,tyga,T-Raww,36.5M,United States,628.4K,939.2K,,,September
113,114,hoooooyeony,Hoyeon,22.9M,South Korea,1.1M,1.5M,Lifestyle,,September
114,115,lucas_xx444,LUCAS,11.5M,Indonesia,2.4M,3M,,,September
115,116,mrbeast,MrBeast,19.9M,United States,1.2M,1.7M,Shows,Humor & Fun & Happiness,September
116,117,jenniferaniston,Jennifer Aniston,40.7M,Brazil,554.9K,805.3K,Cinema & Actors/actresses,,September
117,118,iamsrk,Shah Rukh Khan,30.4M,India,863.3K,1.1M,Cinema & Actors/actresses,,September
118,119,kritisanon,Kriti,50.6M,India,547.6K,638.3K,Modeling,,September
119,120,chrisbrownofficial,BREEZY,119.1M,United States,172K,268.2K,,,September
120,121,_rl9,Robert Lewandowski,29.4M,Poland,844.4K,1.1M,Sports with a ball,,September
121,122,deepikapadukone,Deepika Padukone,68.8M,India,342K,446.2K,Cinema & Actors/actresses,,September
122,123,pewdiepie,PewDiePie,21.8M,United States,1.2M,1.4M,Computers & Gadgets,,September
123,124,madelame,Madelaine Petsch,25.2M,Russia,861.2K,1.2M,Cinema & Actors/actresses,,September
124,125,ronaldinho,Ronaldo de Assis Moreira,67.8M,Brazil,256.2K,445.6K,Sports with a ball,,September
125,126,alluarjunonline,Allu Arjun,19.1M,India,1.3M,1.6M,Cinema & Actors/actresses,,September
126,127,rosalia.vt,LA ROSALIÌA,21.9M,Spain,1M,1.4M,,,September
127,128,emrata,Emily Ratajkowski,29.6M,United States,629.9K,1M,Modeling,,September
128,129,addisonraee,Addison Rae,40M,United States,481K,742.2K,Beauty,,September
129,130,433,433,51.6M,Spain,339.4K,563.9K,Sports with a ball,,September
130,131,katyperry,KATY PERRY,171.2M,Brazil,130.5K,168.3K,,,September
131,132,_jeongjaehyun,Jaehyun,12.4M,Indonesia,1.9M,2.3M,,,September
132,133,madisonbeer,Madison Beer,32.4M,United States,588.9K,879.5K,,,September
133,134,marcelotwelve,Marcelo Vieira,58.5M,Spain,325.7K,484.2K,Sports with a ball,,September
134,135,phs1116,ë°•í˜•ì‹ / PARKHYUNGSIK,10.5M,Indonesia,2.2M,2.7M,Business & Careers,,September
135,136,sergioramos,Sergio Ramos,53.1M,Spain,344.1K,527.4K,Sports with a ball,,September
136,137,casemiro,Casemiro,17.4M,Brazil,1.1M,1.6M,Sports with a ball,,September
137,138,emmachamberlain,emma chamberlain,16.1M,United States,1.1M,1.7M,Lifestyle,Shows,September
138,139,luvadepedreiro,Iran Ferreira,18.4M,Brazil,894.2K,1.5M,Family,Sports with a ball,September
139,140,rohittt_09_,ğ‘ğ¨ğ¡ğ¢ğ­ ğ™ğ¢ğ§ğ£ğ®ğ«ğ¤ğ ~ ğ«ğğšğœğ­ğ¢ğ¨ğ§ğ›ğ¨ğ¢ ğŸ’«,24.1M,India,807.5K,1.1M,Shows,Lifestyle,September
140,141,nike,Nike,235.7M,United States,89.7K,116.2K,Fitness & Gym,Shopping & Retail,September
141,142,luisitocomunica,Luisillo El Pillo,32.4M,Mexico,627.1K,828.5K,Humor & Fun & Happiness,Clothing & Outfits,September
142,143,miakhalifa,Mia K.,27.7M,India,605.5K,968.5K,Fitness & Gym,Lifestyle,September
143,144,theweeknd,The Weeknd,42.9M,United States,456.6K,618.7K,,,September
144,145,ladygaga,Lady Gaga,53.3M,United States,351K,492.3K,Cinema & Actors/actresses,,September
145,146,varundvn,VarunDhawan,44.1M,India,484K,589.8K,Cinema & Actors/actresses,,September
146,147,zefelipecantor,ZeÌ,25M,Brazil,591.4K,1M,,,September
147,148,manchesterunited,Manchester United,60.2M,United Kingdom,265.6K,425K,Sports with a ball,,September
148,149,sidhu_moosewala,Sidhu Moosewala (à¨®à©‚à¨¸à©‡ à¨†à¨²à¨¾),11.2M,India,2M,2.4M,Lifestyle,,September
149,150,thedeverakonda,Vijay Deverakonda,17.5M,India,1.2M,1.4M,Cinema & Actors/actresses,,September
150,151,emilia_clarke,,27M,India,733.5K,922.2K,Cinema & Actors/actresses,,September
151,152,elrubiuswtf,el rubius WTF,17.3M,Mexico,1.3M,1.4M,Computers & Gadgets,,September
152,153,hegdepooja,Pooja Hegde,21.3M,India,995.7K,1.1M,Cinema & Actors/actresses,,September
153,154,vinijr,Vinicius Jr. âš¡ï¸ğŸ‡§ğŸ‡·,22.3M,Brazil,610.1K,1.1M,Sports with a ball,Lifestyle,September
154,155,feliciathegoat,"Tyler, The Creator",13.2M,United States,1.1M,1.8M,,,September
155,156,lewishamilton,Lewis Hamilton,29.8M,Brazil,564.5K,810.5K,Racing Sports,,September
156,157,zidane,zidane,33.7M,Spain,524.2K,714K,Sports with a ball,,September
157,158,natgeo,National Geographic,238.3M,United States,78.8K,100.3K,Nature & landscapes,Science,September
158,159,madelyncline,Maddie,12.6M,United States,1.3M,1.9M,Cinema & Actors/actresses,,September
159,160,henrycavill,Henry Cavill,21.7M,Brazil,897K,1.1M,Cinema & Actors/actresses,,September
160,161,theestallion,Megan Thee Stallion,29.8M,United States,451.4K,788.2K,,,September
161,162,saraalikhan95,Sara Ali Khan,41.2M,India,459.9K,561.2K,Cinema & Actors/actresses,,September
162,163,jacobelordi,Jacob Elordi,13.2M,Brazil,1.1M,1.7M,Cinema & Actors/actresses,,September
163,164,bizarrap,BZRP,14.9M,Argentina,1.3M,1.5M,,,September
164,165,leedongwook_official,ì´ë™ìš± (Official_Instagram),14.8M,Indonesia,1.2M,1.6M,Cinema & Actors/actresses,,September
165,166,thenameisyash,Yash,11.2M,India,1.7M,2M,Cinema & Actors/actresses,,September
166,167,hrithikroshan,Hrithik Roshan,43.9M,India,407.5K,515.7K,Cinema & Actors/actresses,,September
167,168,kapilsharma,Kapil Sharma,42.6M,India,463.9K,528.6K,Cinema & Actors/actresses,Shows,September
168,169,shakira,Shakira,76.2M,India,216.5K,296.2K,,,September
169,170,jichangwook,ì§€ì°½ìš±,21.4M,Indonesia,828.3K,1.1M,Cinema & Actors/actresses,,September
170,171,imhyoseop,ì•ˆíš¨ì„­,8.9M,Indonesia,2.2M,2.5M,Lifestyle,,September
171,172,norafatehi,Nora Fatehi,42.1M,India,424.4K,522.3K,Cinema & Actors/actresses,Shows,September
172,173,cznburak,Burak OÌˆzdemir,40.4M,Turkey,398.9K,541.9K,Food & Cooking,,September
173,174,na.jaemin0813,JAEMIN,10M,Indonesia,1.8M,2.2M,,,September
174,175,paulpogba,Paul Labile Pogba,55.3M,Brazil,218.3K,388.6K,Sports with a ball,,September
175,176,zkdlin,KAI,14.2M,Indonesia,1.2M,1.5M,,,September
176,177,sabrinacarpenter,Sabrina Carpenter,27.7M,Brazil,631.4K,775.4K,,,September
177,178,nehakakkar,Neha Kakkar (Mrs. Singh),70.8M,India,259.1K,302.5K,,,September
178,179,lanarhoades,Lana Rhoades,16.6M,United States,771.4K,1.3M,Lifestyle,Modeling,September
179,180,jannatzubair29,Jannat Zubair Rahmani,44.1M,India,386.7K,471.2K,Cinema & Actors/actresses,,September
180,181,emmawatson,Emma Watson,67.5M,United States,224.3K,306.2K,Literature & Journalism,Cinema & Actors/actresses,September
181,182,domelipa,domelipa,19.8M,Mexico,850.5K,1M,Lifestyle,,September
182,183,bbrightvc,bright,16.1M,Indonesia,1M,1.3M,Cinema & Actors/actresses,,September
183,184,erling.haaland,Erling Braut Haaland,18.3M,Brazil,722.6K,1.1M,Lifestyle,Sports with a ball,September
184,185,strangerthingstv,Stranger Things Netflix,22.6M,Brazil,649.8K,869.6K,Cinema & Actors/actresses,Shows,September
185,186,bambam1a,BamBam,16.7M,Brazil,917.3K,1.2M,,,September
186,187,vancityreynolds,Ryan Reynolds,45.1M,United States,323.4K,425.5K,Cinema & Actors/actresses,,September
187,188,nina,Nina Dobrev,25.9M,Brazil,512.9K,735.4K,Cinema & Actors/actresses,,September
188,189,iambeckyg,Becky G,33.5M,Mexico,470.3K,566.8K,,,September
189,190,onyourm__ark,Mark,9.3M,Indonesia,1.7M,2.1M,Lifestyle,,September
190,191,daddyyankee,Daddy Yankee,46M,Argentina,296.9K,414K,,,September
191,192,jamesrodriguez10,James RodriÌguez,49.9M,Colombia,250K,380.5K,Sports with a ball,,September
192,193,kartikaaryan,KARTIK AARYAN,26M,India,580.4K,721.8K,Cinema & Actors/actresses,,September
193,194,do0_nct,Doyoung,10.5M,Indonesia,1.3M,1.7M,Lifestyle,,September
194,195,twicetagram,TWICE,26.6M,Indonesia,564K,684.3K,Modeling,,September
195,196,m10_official,Mesut OÌˆzil,24.2M,Turkey,539K,758.1K,Sports with a ball,,September
196,197,aurelie.hermansyah,Aurelie Hermansyah Atta,27.1M,Indonesia,528.2K,666.2K,Beauty,,September
197,198,enhypen,ENHYPEN,10.9M,Indonesia,1.2M,1.6M,Lifestyle,,September
198,199,loganpaul,Logan Paul,23.8M,United States,548.2K,731K,Fitness & Gym,,September
199,200,momo,ëª¨ëª¨ (MOMO),8M,Turkey,1.5M,2.2M,Lifestyle,,September
200,201,zachking,Zach King,24.5M,Indonesia,455.5K,701.7K,Shows,Humor & Fun & Happiness,September
201,202,akshaykumar,Akshay Kumar,63.1M,India,229.8K,273K,Cinema & Actors/actresses,,September
202,203,iamhalsey,halsey,30.5M,United States,422.7K,556.3K,,,September
203,204,serna_amini,Serna Amini,9.6M,Iran,1.4M,1.8M,,,September
204,205,nct,NCT Official Instagram,14.6M,Indonesia,918.3K,1.1M,,,September
205,206,kajalaggarwalofficial,Kajal A Kitchlu,23.5M,India,583K,704.6K,Cinema & Actors/actresses,,September
206,207,tatawerneck,Tata Werneck,54.1M,Brazil,197.1K,306K,Cinema & Actors/actresses,Family,September
207,208,angelrai07,Angel Rai :),22.5M,India,591.4K,712.5K,Cinema & Actors/actresses,,September
208,209,brentrivera,Brent Rivera,22.3M,United States,556K,721.7K,Cinema & Actors/actresses,,September
209,210,taeyeon_ss,TaeYeon,18.8M,South Korea,696.6K,847.1K,,,September
210,211,louist91,Louis Tomlinson,18.5M,Brazil,636.6K,870.9K,,,September
211,212,itzy.all.in.us,ITZY,17.9M,Indonesia,714.5K,873.7K,,,September
212,213,haileesteinfeld,hailee steinfeld,19.6M,United States,626.3K,795.2K,Cinema & Actors/actresses,,September
213,214,iamferv,fer,10.6M,Mexico,994K,1.5M,Lifestyle,,September
214,215,brunomars,Bruno Mars,25.9M,Brazil,397K,601.3K,,,September
215,216,carlinhosmaiaof,Carlinhos MaiağŸŒ»,26.1M,Brazil,326.5K,595.3K,Lifestyle,,September
216,217,taeoxo_nct,TAEYONG,9.6M,Indonesia,1.2M,1.6M,Lifestyle,,September
217,218,lilireinhart,Lili Reinhart,28.7M,Brazil,359.9K,532.3K,Cinema & Actors/actresses,,September
218,219,colesprouse,Cole Sprouse,35.9M,United States,324.6K,423.8K,Modeling,,September
219,220,jessicah_o,Jessi / á„Œá…¦á„‰á…µ,12.6M,United States,939.7K,1.2M,,,September
220,221,riaricis1795,RICIS,31.9M,Indonesia,386.5K,472.9K,Lifestyle,,September
221,222,carryminati,ğ‘¨ğ’‹ğ’†ğ’š ğ‘µğ’‚ğ’ˆğ’‚ğ’“,16.1M,India,795.3K,935.8K,Computers & Gadgets,Machinery & Technologies,September
222,223,nayeonyny,ë‚˜ì—° (NAYEON),8.3M,Brazil,1.6M,1.8M,Lifestyle,,September
223,224,sydney_sweeney,Sydney Sweeney,14.2M,United States,555.4K,1M,Lifestyle,Cinema & Actors/actresses,September
224,225,thinkaboutzu,ì¯”ìœ„ (TZUYU),8M,India,1.6M,1.9M,,,September
225,226,gatenm123,Gaten Matarazzo,18.7M,Brazil,596.8K,788.2K,Cinema & Actors/actresses,Fashion,September
226,227,postmalone,,22.8M,United States,423.2K,647.1K,,,September
227,228,awez_darbar,Awez Darbar,23.1M,India,531.2K,636.5K,Shows,Cinema & Actors/actresses,September
228,229,m.by__sana,ì‚¬ë‚˜ (SANA),7.5M,Yemen,1.7M,2M,Lifestyle,,September
229,230,skuukzky,á„‰á…®á†½á„‹á…µ  ğŸ’„ğŸ’…ğŸ‘¡ğŸ‘ ğŸ€ğŸ‘™ğŸŒ‚ğŸ‘—ğŸŒ‚ğŸ€ğŸ’‹ğŸ’Œ,18M,Indonesia,654.8K,807.9K,Clothing & Outfits,,September
230,231,lilbaby,,20.4M,United States,385.5K,711.9K,,,September
231,232,somsomi0309,ENNIK ì „ì†Œë¯¸,15.6M,Indonesia,754.7K,912.5K,,,September
232,233,camimendes,camila mendes,26.9M,Brazil,379.6K,526.3K,Cinema & Actors/actresses,,September
233,234,attahalilintar,Atta Halilintar - PAPATA,24M,Indonesia,430.6K,588K,Shows,,September
234,235,sunnyleone,Sunny Leone,53.5M,India,195.5K,264.7K,Beauty,Cinema & Actors/actresses,September
235,236,justintimberlake,Justin Timberlake,66.1M,United States,157.9K,210.9K,Cinema & Actors/actresses,,September
236,237,riyaz.14,Riyaz Aly,27.4M,India,395K,514K,Lifestyle,,September
237,238,juliette,Juliette,33.4M,Brazil,260.8K,414.5K,Cinema & Actors/actresses,,September
238,239,xxxibgdrgn,á„€á…¯á†«á„Œá…µá„‹á…­á†¼(æ¬Šå¿—é¾),21.3M,Indonesia,504.8K,640K,Photography,Fashion,September
239,240,hyunah_aa,Hyun Ah,18.2M,South Korea,622.1K,737.2K,,,September
240,241,ranveersingh,Ranveer Singh,41.1M,India,247.4K,322K,Cinema & Actors/actresses,Modeling,September
241,242,bretmanrock,Bretman (Da Baddest) Rock,18.5M,United States,424.6K,714.8K,Beauty,,September
242,243,kevinhart4real,Kevin Hart,152.5M,United States,68.9K,87.3K,Cinema & Actors/actresses,,September
243,244,evaluna,Evaluna Montaner de Echeverry,20.7M,Argentina,457.8K,630.7K,Family,,September
244,245,prattprattpratt,Chris Pratt,38.6M,United States,258.4K,338.1K,Cinema & Actors/actresses,,September
245,246,jbalvin,J Balvin,52.8M,Mexico,188.5K,247.5K,,,September
246,247,jairmessiasbolsonaro,Jair M. Bolsonaro,21.3M,Brazil,452.8K,628.9K,Finance & Economics,Business & Careers,September
247,248,britneyspears,Britney Spears,42.2M,United States,222.7K,309.7K,,,September
248,249,janhvikapoor,Janhvi Kapoor,18.5M,India,581.1K,693.3K,Lifestyle,Cinema & Actors/actresses,September
249,250,tinistoessel,LaTripleT,18.6M,Argentina,514.8K,690.5K,,,September
250,251,lukamodric10,Luka Modric,24.8M,Spain,349K,511.3K,Sports with a ball,,September
251,252,anushkasen0408,Anushka Sen,38.6M,India,282.7K,330.3K,Cinema & Actors/actresses,,September
252,253,min9yu_k,ê¹€ë¯¼ê·œ,7.6M,Indonesia,1.4M,1.7M,,,September
253,254,keerthysureshofficial,Keerthy Suresh,13.6M,India,805K,921.1K,Beauty,Cinema & Actors/actresses,September
254,255,samoylovaoxana,Samoylova Oxana,15.3M,Russia,603.4K,818.1K,Family,Lifestyle,September
255,256,juandediospantoja,JD PANTOJA ğŸ‡²ğŸ‡½,22.6M,Mexico,479.4K,547.6K,Cinema & Actors/actresses,,September
256,257,sidmalhotra,Sidharth Malhotra,20.6M,India,478.2K,595.5K,Cinema & Actors/actresses,Modeling,September
257,258,avneetkaur_13,Avneet Kaur Official,32.5M,India,308.5K,375.8K,Cinema & Actors/actresses,,September
258,259,garethbale11,Gareth Bale,48.1M,Spain,160.6K,251.8K,Sports with a ball,,September
259,260,yellow_3to3,REN JUN,6.3M,Indonesia,1.6M,2M,Lifestyle,,September
260,261,lilyjcollins,Lily Collins,26.9M,United States,300.9K,448K,Cinema & Actors/actresses,,September
261,262,luissuarez9,Luis SuÃ¡rez,44.3M,Brazil,179.9K,269.7K,Sports with a ball,,September
262,263,realbarbarapalvin,Barbara Palvin,18.2M,Russia,483.4K,652.3K,Modeling,Fashion,September
263,264,johnnyjsuh,Johnny Suh,8.8M,Indonesia,1M,1.4M,Lifestyle,,September
264,265,lizgillz,Elizabeth Gillies,14.1M,Mexico,578.9K,838.1K,Cinema & Actors/actresses,,September
265,266,fedez,FEDEZ,14.4M,Italy,593K,820.4K,,,September
266,267,keniaos,Kenia Os,13.9M,Mexico,655.1K,851.8K,,,September
267,268,liluzivert,Lil Uzi Vert,16.4M,United States,392.8K,722.9K,,,September
268,269,_zyozyo,JIHYO,6.7M,Indonesia,1.4M,1.8M,Lifestyle,,September
269,270,heybiblee,á„‹á…µá„‰á…¥á†¼á„€á…§á†¼,14.5M,Indonesia,598.2K,807.6K,Modeling,,September
270,271,thehughjackman,,30.5M,United States,338.1K,384.4K,Cinema & Actors/actresses,,September
271,272,marvel,Marvel Entertainment,66.4M,United States,148K,175.5K,Cinema & Actors/actresses,Shows,September
272,273,nicki.nicole,,12.5M,Argentina,630K,931.6K,,,September
273,274,yoona__lim,,13.9M,Indonesia,700.1K,837.6K,Cinema & Actors/actresses,,September
274,275,ananyapanday,Ananya ğŸ’›ğŸ’«,23.7M,India,419.7K,490.2K,Cinema & Actors/actresses,,September
275,276,pubity,Pubity,31.8M,United States,249.3K,364.5K,Humor & Fun & Happiness,,September
276,277,mr_faisu_07,FAISAL SHAIKH,28.3M,India,322.9K,411.8K,Modeling,Cinema & Actors/actresses,September
277,278,marshmello,marshmello,29.5M,United States,267.1K,385.9K,,,September
278,279,tigerjackieshroff,Tiger Shroff,35.6M,India,263.7K,321.3K,Cinema & Actors/actresses,,September
279,280,_imyour_joy,Joy,14.2M,Indonesia,670.1K,801K,Lifestyle,,September
280,281,iansomerhalder,iansomerhalder,23.4M,United States,326.2K,487.6K,Cinema & Actors/actresses,,September
281,282,trippieredd,555,13.1M,United States,443.1K,868.9K,,,September
282,283,sachintendulkar,Sachin Tendulkar,35.6M,India,264.2K,316.7K,Sports with a ball,Lifestyle,September
283,284,perrieedwards,Perrie Edwards ğŸ–¤,15.9M,Brazil,456.6K,712.5K,Modeling,,September
284,285,ashishchanchlani,Ashish Chanchlani,14.6M,India,621.8K,760.3K,Cinema & Actors/actresses,,September
285,286,iammichelemorroneofficial,Michele Morrone,15.3M,Brazil,498.4K,714.9K,Lifestyle,Cinema & Actors/actresses,September
286,287,dannapaola,Danna Paola,34.8M,Mexico,216.1K,313.3K,,,September
287,288,bhuvan.bam22,Bhuvan Bam,14.8M,India,594.9K,736.5K,Cinema & Actors/actresses,,September
288,289,cbum,Chris Bumstead,10.1M,United States,646.3K,1.1M,Fitness & Gym,,September
289,290,psg,Paris Saint-Germain,62.4M,Brazil,103.2K,172.2K,Sports with a ball,,September
290,291,mina_sr_my,ë¯¸ë‚˜ (MINA),6.6M,Indonesia,1.4M,1.7M,,,September
291,292,marvelstudios,Marvel Studios,38.3M,India,249.5K,279.6K,Cinema & Actors/actresses,,September
292,293,tenlee_1001,TEN_+â€¢10,9.9M,Indonesia,860.9K,1.1M,,,September
293,294,mirella,BAD MI âš¡ï¸ MIRELLA,27M,Brazil,188.1K,396.4K,,,September
294,295,greeicy,Greeicy,21.4M,Colombia,371.7K,498.8K,Shows,Cinema & Actors/actresses,September
295,296,winmetawin,Win Metawin O.,14.1M,Philippines,673.6K,761.7K,Lifestyle,,September
296,297,anuel,â€œREAL HASTA LA MUERTEâ€,29.4M,Spain,239.8K,366.5K,,,September
297,298,mont.pantoja,MONT,12.4M,Mexico,717.7K,853.8K,,,September
298,299,alidaei,Ali Daei,9.1M,Iran,722.8K,1.2M,Sports with a ball,,September
299,300,jheneaiko,JheneÌ Aiko Efuru Chilombo ğŸ”®,15M,United States,399.5K,700.7K,,,September
300,301,urvashirautela,Urvashi Rautela,54.2M,India,164.4K,194.4K,Cinema & Actors/actresses,,September
301,302,imsebastianstan,Sebastian Stan,9.4M,United States,941.3K,1.1M,Shows,Cinema & Actors/actresses,September
302,303,larasilva,Lara Silva âš ï¸,17.4M,Brazil,386.6K,596.8K,Shows,Adult content,September
303,304,brunamarquezine,Bruna Marquezine,43.1M,Brazil,139.5K,242K,Cinema & Actors/actresses,,September
304,305,manurios,Manu Rios,11M,Mexico,553.3K,933K,Shows,,September
305,306,nct127,NCT 127 Official Instagram,14.3M,Indonesia,582.8K,720.4K,,,September
306,307,ross_lynch,Ross Shor Lynch,10.9M,United States,468.5K,935.6K,Cinema & Actors/actresses,,September
307,308,asaprocky,GRIM,15M,United States,405.6K,678.2K,,,September
308,309,maya_hawke,Maya Hawke,10.1M,United States,723.1K,1M,Cinema & Actors/actresses,,September
309,310,nusr_et,Nusr_et#Saltbae,47.7M,Turkey,144.6K,212.8K,Food & Cooking,,September
310,311,neslihanatagul,Neslihan AtaguÌˆl DogÌ†ulu,13.5M,Turkey,608.9K,776.6K,Cinema & Actors/actresses,Modeling,September
311,312,arigameplays,ARIGAMEPLAYS,11.5M,Mexico,727.8K,873.8K,Lifestyle,Cinema & Actors/actresses,September
312,313,hi_sseulgi,ìŠ¬ê¸° Seulgi,12.6M,Indonesia,634.2K,794.9K,Modeling,,September
313,314,whinderssonnunes,Whindersson Nunes,58.8M,Brazil,111.2K,171.9K,Humor & Fun & Happiness,,September
314,315,bellathorne,BELLA,25.4M,United States,232.3K,389.7K,,,September
315,316,nct_dream,NCT DREAM OFFICIAL,10.4M,Indonesia,845K,944K,Modeling,Fashion,September
316,317,burakozcivit,Burak OÌˆzcÌ§ivit,22M,Turkey,371.5K,451.1K,Cinema & Actors/actresses,,September
317,318,luisasonza,LUÃSA SONZA,30.3M,Brazil,205.6K,325.9K,Lifestyle,,September
318,319,xeesoxee,á„’á…¡á†«á„‰á…©á„’á…´,9.7M,Indonesia,784.2K,1M,Lifestyle,,September
319,320,wwiinn_7,WINWIN,7.4M,Indonesia,1.1M,1.3M,,,September
320,321,paulolondra,Paulo londra,13.7M,Argentina,451K,704.9K,,,September
321,322,sofiacarson,Sofia Carson,20.3M,Brazil,350.6K,475.3K,Cinema & Actors/actresses,,September
322,323,michaelbjordan,Michael B. Jordan,18.7M,United States,310.2K,514.5K,Cinema & Actors/actresses,,September
323,324,hannahstocking,Hannah Stocking,22.7M,United States,297.5K,422.8K,Modeling,,September
324,325,sza,SZA,12.6M,United States,451.5K,763.3K,,,September
325,326,anguscloud,Angus Cloud,8M,United States,720.1K,1.2M,,,September
326,327,jy_piece,ìœ ì •ì—°,5.5M,Brazil,1.4M,1.7M,,,September
327,328,nba,NBA,70.6M,United States,81.9K,132.6K,Sports with a ball,,September
328,329,auba,Pierre-Emerick Aubameyang,13.3M,United Kingdom,445K,708.6K,Sports with a ball,,September
329,330,kevindebruyne,Kevin De Bruyne,18.9M,United Kingdom,320.3K,495.7K,Sports with a ball,,September
330,331,juanpazurita,Juanpa Zurita,30.3M,Mexico,214.9K,306.1K,Cinema & Actors/actresses,,September
331,332,haechanahceah,HAECHAN,4.6M,Indonesia,1.8M,2M,,,September
332,333,chaeyo.0,ì±„ì˜ (CHAEYOUNG),6.9M,Philippines,1.2M,1.4M,Lifestyle,,September
333,334,aron.piper,ARONğŸŒœğŸŒ,13.6M,Brazil,356.4K,671.5K,Lifestyle,,September
334,335,hassan_reyvandi,hasan reyvandi Ø­Ø³Ù† Ø±ÛŒÙˆÙ†Ø¯ÛŒ,19.7M,Iran,337.9K,466.9K,Cinema & Actors/actresses,Humor & Fun & Happiness,September
335,336,aespa_official,aespa á„‹á…¦á„‰á…³á„‘á…¡,9.5M,Indonesia,674.8K,970.4K,,,September
336,337,rohitsharma45,Rohit Sharma,24.9M,India,324.4K,366.3K,Sports with a ball,Lifestyle,September
337,338,belindapop,Beli,15.6M,Mexico,405.6K,581.1K,,,September
338,339,dahhyunnee,ë‹¤í˜„ (DAHYUN),6.3M,Brazil,1.3M,1.5M,,,September
339,340,shaq,DR. SHAQUILLE O'NEAL Ed.D.,26.7M,United States,258.1K,338.5K,Humor & Fun & Happiness,Sports with a ball,September
340,341,kimjuncotton,SUHO,10.3M,Indonesia,732.4K,873.7K,Lifestyle,,September
341,342,thenotoriousmma,Conor McGregor Official,46.1M,United States,134.4K,194.9K,Fitness & Gym,,September
342,343,bighit_ent,BigHit Music Updates,12.9M,Indonesia,564K,694.9K,,,September
343,344,rauwalejandro,RAULEETO,15.1M,Spain,411.1K,596.2K,,,September
344,345,klrahul,KL RahulğŸ‘‘,13M,India,538K,687.1K,Sports with a ball,,September
345,346,duki,Ya Supiste,10.6M,Argentina,541.7K,833.9K,,,September
346,347,sophiet,S O P H I E T U R N E R,14.7M,United States,445.6K,599.1K,Cinema & Actors/actresses,,September
347,348,chiaraferragni,Chiara Ferragni âœ¨,27.8M,Italy,189.8K,315.2K,Beauty,,September
348,349,toni.kr8s,Toni Kroos,35.1M,Germany,184K,249.9K,Sports with a ball,,September
349,350,sureshraina3,Suresh Raina,21M,India,369.3K,416.6K,Modeling,,September
350,351,duki,Ya Supiste,10.6M,Argentina,541.7K,833.9K,,,September
351,352,sophiet,S O P H I E T U R N E R,14.7M,United States,445.6K,599.1K,Cinema & Actors/actresses,,September
352,353,michelleobama,Michelle Obama,50.8M,United States,156.1K,174.6K,Finance & Economics,Business & Careers,September
353,354,chiaraferragni,Chiara Ferragni âœ¨,27.8M,Italy,189.8K,315.2K,Beauty,,September
354,355,toni.kr8s,Toni Kroos,35.1M,Germany,184K,249.9K,Sports with a ball,,September
355,356,sureshraina3,Suresh Raina,21M,India,369.3K,416.6K,Modeling,,September
356,357,ratantata,Ratan Tata,6.8M,India,1.1M,1.3M,Business & Careers,,September
357,358,charles_leclerc,Charles Leclerc,8.7M,Italy,763.7K,1M,Racing Sports,,September
358,359,alexandradaddario,alexandra daddario,22.5M,India,313.1K,382.6K,Cinema & Actors/actresses,,September
359,360,m_kayoung,MUN KA YOUNG,8.6M,Indonesia,765.1K,1M,Cinema & Actors/actresses,,September
360,361,joeyking,Joey King,19.1M,Brazil,313.9K,449.3K,Cinema & Actors/actresses,Modeling,September
361,362,stephencurry30,Wardell Curry,45.9M,United States,140K,187.3K,Sports with a ball,Family,September
362,363,houseofhighlights,House of Highlights,36.1M,United States,130K,238.1K,Sports with a ball,,September
363,364,lizasoberano,Liza Soberano,17.5M,Philippines,410.3K,489.4K,Beauty,Cinema & Actors/actresses,September
364,365,jadepicon,JADE ğŸŒª,20.9M,Brazil,187.7K,412.9K,Modeling,Fashion,September
365,366,wow_kimsohyun,á„€á…µá†·á„‰á…©á„’á…§á†«,12.4M,Indonesia,592.1K,681.2K,Cinema & Actors/actresses,Modeling,September
366,367,todayis_wendy,Wendy,7.1M,Indonesia,992K,1.2M,Lifestyle,,September
367,368,caradelevingne,Cara Delevingne,42.8M,United States,137.4K,192.7K,Modeling,Cinema & Actors/actresses,September
368,369,c.syresmith,Jaden Smith,19.2M,United States,275.4K,426.2K,Cinema & Actors/actresses,Lifestyle,September
369,370,darshanravaldz,Darshan Raval #BaarishonMein,15.3M,India,438.6K,529.9K,,,September
370,371,eminem,Marshall Mathers,36.5M,Iran,171.4K,221.2K,Cinema & Actors/actresses,,September
371,372,lildurk,DURKIOOO,14.2M,United States,203.2K,573K,,,September
372,373,khabib_nurmagomedov,Ğ¥Ğ°Ğ±Ğ¸Ğ± ĞÑƒÑ€Ğ¼Ğ°Ğ³Ğ¾Ğ¼ĞµĞ´Ğ¾Ğ²,33.6M,Russia,168K,235.8K,Fitness & Gym,,September
373,374,barackobama,Barack Obama,35.4M,United States,191.2K,225.1K,Finance & Economics,Business & Careers,September
374,375,liltjay,TJAYYYY ğŸ–¤,7.6M,United States,575.8K,1.1M,Lifestyle,,September
375,376,9gag,9GAG: Go Fun The World,58.1M,Indonesia,105.2K,134.6K,Humor & Fun & Happiness,,September
376,377,fabriziorom,Fabrizio Romano,10.7M,Italy,418.5K,724.5K,Literature & Journalism,Shows,September
377,378,ksi,KSI,12.1M,United Kingdom,459.5K,645.3K,,,September
378,379,nattinatasha,NATTI NATASHA,35.9M,Mexico,179.2K,215K,Cinema & Actors/actresses,,September
379,380,andressasuita,Andressa Suita,15.8M,Brazil,296.2K,491.3K,Modeling,,September
380,381,_mariahwasa,HWASA,8.3M,Brazil,725.7K,936.4K,,,September
381,382,lestykejora,Lestikejora,25.9M,Indonesia,230.3K,298.5K,,,September
382,383,lilyachty,C.V T,10.4M,United States,363.1K,740.1K,Humor & Fun & Happiness,Lifestyle,September
383,384,nba_youngboy,PAIN REAL.ğŸ©¸,10.6M,United States,387.5K,749.8K,,,September
384,385,ssinz7,ë°•ì‹ í˜œ/Shin Hye Park,13.8M,Indonesia,449.9K,552.8K,Cinema & Actors/actresses,,September
385,386,dntlrdl,CHOIWOOSHIK,6.9M,Indonesia,850.6K,1.1M,Lifestyle,,September
386,387,wizkidayo,BIG WIZğŸ¦…,15.2M,Nigeria,264.7K,513.9K,,,September
387,388,alfinetei,Alfinetadas Dos Famosos ğŸ“Œ,21.8M,Brazil,155.2K,348.8K,Humor & Fun & Happiness,,September
388,389,gianlucavacchi,Gianluca Vacchi,22.5M,Brazil,216.3K,332.7K,Lifestyle,,September
389,390,yuu_taa_1026,YUTA æ‚ å¤ª,8.5M,Indonesia,684K,895.7K,,,September
390,391,kunaguero,Sergio Leonel AguÌˆero,23.8M,Argentina,181.6K,314.1K,Sports with a ball,,September
391,392,prillylatuconsina96,Prilly Latuconsina,49.2M,Indonesia,107.8K,151.7K,Cinema & Actors/actresses,,September
392,393,kjapa,KJ Apa,18.5M,United States,279.8K,399.8K,Cinema & Actors/actresses,,September
393,394,weareone.exo,EXO Official,10M,Indonesia,602.4K,756.4K,,,September
394,395,alissaviolet,Alissa Violet,11.7M,United States,387.1K,622.8K,Modeling,,September
395,396,shehnaazgill,Shehnaaz Gill,11.8M,India,527.6K,657.8K,Cinema & Actors/actresses,,September
396,397,clean_0828,á„€á…µá†·á„‰á…¦á„Œá…¥á†¼,8.3M,Indonesia,712.4K,888.3K,Lifestyle,,September
397,398,hshq,Harry Styles HQ,6.6M,United States,638.5K,1.1M,Cinema & Actors/actresses,Fashion,September
398,399,deiveleonardo,Deive Leonardo,12.1M,Brazil,330.3K,608.1K,Literature & Journalism,Trainers & Coaches,September
399,400,markruffalo,Mark Ruffalo,20.9M,Brazil,276.4K,348.1K,Cinema & Actors/actresses,,September
400,401,premierleague,Premier League,59.2M,United Kingdom,83.7K,121.9K,Sports with a ball,,September
401,402,txt_bighit,TOMORROW X TOGETHER OFFICIAL,12.8M,Indonesia,443.9K,560.3K,,,September
402,403,nickyjam,NICKY JAM,43.4M,Spain,120.3K,166.4K,,,September
403,404,lilnasx,MONTERO,12.4M,United States,344.6K,576.5K,,,September
404,405,yasmine_sabri,Yasmine Sabri,19.6M,Egypt,262.9K,368.8K,Cinema & Actors/actresses,Lifestyle,September
405,406,taina,TainaÌ Costa,16.1M,Brazil,212.9K,444.8K,,,September
406,407,anyataylorjoy,Anya Taylor-Joy,9.1M,United States,554.7K,799.5K,Modeling,Cinema & Actors/actresses,September
407,408,bellapoarch,Bella Poarch,14M,United States,379.3K,512.8K,Lifestyle,,September
408,409,frenkiedejong,Frenkie de Jong,10.8M,Spain,443.8K,667K,Sports with a ball,,September
409,410,abdevilliers17,AB de Villiers,18.8M,India,328.3K,378.8K,Sports with a ball,Lifestyle,September
410,411,conangray,Conan Gray,6.8M,Brazil,713K,1.1M,,,September
411,412,mariabecerra,Maria Becerra,10.4M,Argentina,289.2K,683K,,,September
412,413,annakendrick47,Anna Kendrick,22.2M,United States,244.3K,319.3K,Cinema & Actors/actresses,,September
413,414,jinyoung_0922jy,ë°•ì§„ì˜,9.9M,Indonesia,544.8K,720.5K,,,September
414,415,o.dembele7,Ousmane DembÃ©lÃ©,11.5M,Spain,358.5K,613.2K,Sports with a ball,,September
415,416,alwaysramcharan,Ram Charan,8.3M,India,766.5K,858.3K,Cinema & Actors/actresses,,September
416,417,krisjenner,Kris Jenner,49.9M,United States,92.1K,140K,Shows,Beauty,September
417,418,larissamanoela,Larissa Manoela,46.8M,Brazil,90.1K,149.6K,Cinema & Actors/actresses,,September
418,419,demetozdemir,Demet OÌˆzdemir,15.4M,India,357.8K,456.6K,Cinema & Actors/actresses,,September
419,420,melo,LaMelo Ball,9.2M,United States,377.5K,767.4K,Lifestyle,Sports with a ball,September
420,421,dqsalmaan,Dulquer Salmaan,11.1M,India,462.4K,625.8K,Cinema & Actors/actresses,,September
421,422,kehlani,Kehlani,14.2M,United States,314.8K,490.5K,Family,,September
422,423,_seorina,á„‰á…¥á†¯á„‹á…µá†«á„‹á…¡ sá´‡á´Ê€ÉªÉ´á´€,6.6M,South Korea,858.3K,1.1M,Lifestyle,Cinema & Actors/actresses,September
423,424,anupamaparameswaran96,Anupama Parameswaran,12.5M,India,485K,554.8K,Cinema & Actors/actresses,,September
424,425,marktuan,Mark Tuan,12.9M,Indonesia,423.5K,534.4K,Cinema & Actors/actresses,Modeling,September
425,426,evcenf,Fahriye Evcen OÌˆzcÌ§ivit,13.1M,Turkey,418.9K,528.8K,Lifestyle,Beauty,September
426,427,yejinhand,ì†ì˜ˆì§„,7.1M,Indonesia,757.9K,986.8K,Cinema & Actors/actresses,,September
427,428,barbieferreira,barbie ferreira,6.3M,United States,609.4K,1.1M,Cinema & Actors/actresses,,September
428,429,mingue.k,ê¹€ë¯¼ê·œ,6.1M,Indonesia,926.1K,1.1M,Lifestyle,,September
429,430,frenchmontana,French Montana,31M,United States,134.3K,221.2K,,,September
430,431,sadiomaneofficiel,Sadio Mane,12.1M,United Kingdom,390.4K,556.4K,Sports with a ball,,September
431,432,shaymitchell,Shay Mitchell,34.3M,United States,140.1K,196.4K,Beauty,Family,September
432,433,peytonlist,Peyton List,20.2M,United States,221.2K,332.5K,Cinema & Actors/actresses,,September
433,434,dixiedamelio,dixie,24.8M,United States,184.7K,270.7K,Clothing & Outfits,,September
434,435,alok,Alok,27.8M,Brazil,188.8K,241.5K,,,September
435,436,yaocabrera,Yao Cabrera,16.5M,Argentina,187.4K,406.8K,,,September
436,437,amandacerny,Amanda ğ•®ğ–Šğ–—ğ–“ğ–,23.7M,India,175.5K,281.4K,Humor & Fun & Happiness,,September
437,438,parineetichopra,ğ™¿ğšŠğš›ğš’ğš—ğšğšğšğš’ ğ™²ğš‘ğš˜ğš™ğš›ğšŠ ğŸ«§,37.7M,India,153.5K,177.3K,Cinema & Actors/actresses,,September
438,439,gururandhawa,Guru Randhawa,32.9M,India,166.4K,204.5K,,,September
439,440,chelseafc,Chelsea FC,35.6M,Indonesia,125K,186.9K,Sports with a ball,,September
440,441,layzhang,Lay Zhang,14.2M,Indonesia,446.1K,472.5K,,,September
441,442,maisa,#NAME?,44.8M,Brazil,108.9K,148.4K,,,September
442,443,wi__wi__wi,á„‹á…±á„’á…¡á„Œá…®á†« Wi Ha Jun,10M,South Korea,556.9K,670K,Lifestyle,,September
443,444,madhuridixitnene,Madhuri Dixit,32.7M,India,173K,200.4K,Cinema & Actors/actresses,,September
444,445,jakepaul,Jake Paul,20.6M,United States,190.4K,320.4K,Cinema & Actors/actresses,,September
445,446,mathildtantot,Mathilde,10.1M,United States,424.6K,642.6K,Lifestyle,Modeling,September
446,447,for_everyoung10,ì¥ì›ì˜ WONYOUNG,5.8M,Indonesia,902.9K,1.1M,Lifestyle,,September
447,448,leaelui,Lea Elui G,11.4M,India,337.5K,567.2K,Modeling,Lifestyle,September
448,449,miguel.g.herran,Miguel HerraÌn,13.8M,Brazil,309.5K,465.7K,Cinema & Actors/actresses,,September
449,450,iscoalarcon,Isco Alarcon Suarez,25.4M,Spain,175.3K,253.7K,Sports with a ball,,September
450,451,jakepaul,Jake Paul,20.6M,United States,190.4K,320.4K,Cinema & Actors/actresses,,September
451,452,mathildtantot,Mathilde,10.1M,United States,424.6K,642.6K,Lifestyle,Modeling,September
452,453,leaelui,Lea Elui G,11.4M,India,337.5K,567.2K,Modeling,Lifestyle,September
453,454,miguel.g.herran,Miguel HerraÌn,13.8M,Brazil,309.5K,465.7K,Cinema & Actors/actresses,,September
454,455,iscoalarcon,Isco Alarcon Suarez,25.4M,Spain,175.3K,253.7K,Sports with a ball,,September
455,456,camilo,C A M I L O,27.5M,Argentina,146.1K,231.8K,,,September
456,457,leonardodicaprio,Leonardo DiCaprio,54.7M,United States,94.1K,117.5K,Cinema & Actors/actresses,,September
457,458,jennaortega,Jenna Ortega,8.6M,United States,523.2K,745.3K,Cinema & Actors/actresses,Lifestyle,September
458,459,susana.dxoxo,Susane Damouni,13.5M,India,299.2K,482.4K,,,September
459,460,teddysphotos,Ed Sheeran,40.3M,United States,114.2K,155.4K,,,September
460,461,channingtatum,Channing Tatum,17M,United States,254.7K,367.1K,Cinema & Actors/actresses,,September
461,462,vanessahudgens,ğŸ”®Vanessa HudgensğŸ”®,47.1M,United States,80.4K,132K,Cinema & Actors/actresses,,September
462,463,antogriezmann,Antoine Griezmann,36.6M,Spain,105.1K,169.4K,Sports with a ball,,September
463,464,florencepugh,Florence Pugh,7.9M,United States,523.2K,800K,Humor & Fun & Happiness,Cinema & Actors/actresses,September
464,465,jessnolimit,Jess No Limit,7.3M,Indonesia,716.3K,858.2K,Shows,,September
465,466,vinniehacker,â€ ,5.9M,United States,506.6K,1.1M,Lifestyle,,September
466,467,saweetie,,13.1M,United States,201.8K,469.2K,Cinema & Actors/actresses,,September
467,468,adidasfootball,adidas Football,31.7M,Brazil,141.6K,193.1K,Sports with a ball,,September
468,469,i_m_hendery,HiğŸ‘‰ğŸ»im HenderyğŸ‘ˆğŸ»,6.4M,United States,755.2K,978.8K,,,September
469,470,loud_victor,Victor Augusto,10.7M,Brazil,449.1K,573.9K,Lifestyle,Sports with a ball,September
470,471,xuminghao_o,The8 ë””ì—ì‡,5.4M,Indonesia,908.9K,1.1M,,,September
471,472,polo.capalot,Polo.GğŸ,10.5M,United States,349.3K,574.8K,,,September
472,473,adamweitsman,Adam Weitsman,18.3M,Russia,242.4K,330.8K,Business & Careers,,September
473,474,corinnakopf,corinna kopf,6.8M,United States,586.7K,898.1K,Beauty,,September
474,475,romeosantos,Romeo Santos,19.3M,United States,255.5K,316.4K,,,September
475,476,nianaguerrero,Niana,14.2M,Indonesia,335.3K,420.7K,Kids & Toys,,September
476,477,lilpeep,lil peep,7.6M,United States,475.6K,799.9K,,,September
477,478,juventus,Juventus,54.8M,India,75.5K,110.5K,Sports with a ball,,September
478,479,vegetta777,â™ˆï¸ Samuel De Luque â™ˆï¸,6.2M,Mexico,715.6K,976.1K,,,September
479,480,davikah,davikah,17.1M,Thailand,269.2K,348.7K,Modeling,,September
480,481,vickykaushal09,Vicky Kaushal,14.2M,India,357.8K,419.9K,Lifestyle,Cinema & Actors/actresses,September
481,482,aliiiiiiiikarimi8,Ali Karimi,9.8M,Iran,415.5K,630.7K,Sports with a ball,,September
482,483,goar_avetisyan,Goar Avetisyan,11.7M,Russia,370K,512.5K,Beauty,,September
483,484,navidmohammadzadeh,navid mohammadzadeh,8.6M,Iran,495.9K,700.1K,Cinema & Actors/actresses,,September
484,485,jokowi,Joko Widodo,48.1M,Indonesia,98.8K,124.7K,Finance & Economics,,September
485,486,pablogavi,GAVI,5.9M,Spain,685.1K,1M,Sports with a ball,,September
486,487,djxiao_888,XIAOJUN,7M,Indonesia,685K,856.8K,,,September
487,488,fuji_an,Fujianti Utami Putri,11.8M,Indonesia,208.5K,495.9K,Lifestyle,,September
488,489,easportsfifa,EA SPORTS FIFA,27.2M,Spain,127.9K,214.5K,Sports with a ball,,September
489,490,coldplay,Coldplay,17.6M,Brazil,237.8K,331.2K,,,September
490,491,cazzu,â™¡ ğ–“ğ–Šğ–“ğ–† á´›Ê€á´€á´á´˜á´€,10.5M,Argentina,430.8K,552.1K,,,September
491,492,joshu_acoustic,Joshua Hong,5M,India,997.2K,1.2M,,,September
492,493,kyo1122,Song hyekyo,13.4M,Indonesia,336.7K,428.7K,Cinema & Actors/actresses,,September
493,494,tiffanyyoungofficial,tiffany young,12.8M,Indonesia,359.6K,449.9K,Modeling,Fashion,September
494,495,dababy,BILLION DOLLAR BABY ğŸ‘¶ğŸ¾,21.3M,United States,166.7K,271.1K,,,September
495,496,yangyang_x2,YangYang á„‹á…£á†¼á„‹á…£á†¼,6.4M,Indonesia,714.5K,907.2K,,,September
496,497,jailyneojeda,Jailyne Ojeda Ochoa,14.1M,United States,293.3K,405.7K,Modeling,Lifestyle,September
497,498,obj,Odell Beckham Jr,16.4M,United States,182.6K,347.6K,Sports with a ball,,September
498,499,bernardokath,Kathryn Bernardo ğŸ˜,17.4M,Philippines,270.7K,326.2K,Beauty,Cinema & Actors/actresses,September
499,500,simonemendes,Simone Mendes,35.5M,Brazil,128K,161.5K,,,September
500,501,gisele,Gisele BuÌˆndchen,19.7M,Brazil,194.8K,289.5K,Modeling,Fashion,September
501,502,ana_d_armas,A N A   D E   A R M A S,7.9M,United States,533.3K,721.4K,Cinema & Actors/actresses,,September
502,503,nazriyafahadh,Nazriya Nazim Fahadh,6.4M,India,666.1K,892.3K,Lifestyle,Cinema & Actors/actresses,September
503,504,rachel_mypark,á„‡á…¡á†¨á„†á…µá†«á„‹á…§á†¼ Minyoung Park,10.3M,Indonesia,433.5K,540K,Cinema & Actors/actresses,,September
504,505,phil.coutinho,Philippe Coutinho,24.9M,Brazil,136.7K,222.1K,Sports with a ball,,September
505,506,nicholasgalitzine,Nicholas Galitzine,4.1M,Brazil,817.7K,1.4M,Cinema & Actors/actresses,,September
506,507,sound_of_coups,COUPS,4.5M,Indonesia,986.3K,1.3M,,,September
507,508,cocielo,JuÌlio Cocielo Estaniecki,19.2M,Brazil,182.4K,285.6K,Cinema & Actors/actresses,,September
508,509,julesleblanc,julianna,9.8M,United States,392.3K,567.7K,Shows,,September
509,510,anjimaxuofficially,Anjali Arora,11.9M,India,363.2K,464.8K,Lifestyle,Cinema & Actors/actresses,September
510,511,kit.connor,Kit Connor,4.5M,United States,734.8K,1.2M,Cinema & Actors/actresses,Humor & Fun & Happiness,September
511,512,jackharlow,,6.9M,United States,425.9K,795.1K,Lifestyle,Humor & Fun & Happiness,September
512,513,euphoria,euphoria,7.8M,United States,434.3K,700.8K,Photography,Cinema & Actors/actresses,September
513,514,lucasranngel,LUCAS RANGEL,20.1M,Brazil,121.4K,268.8K,Lifestyle,,September
514,515,briandadeyanara,BRIANDA ğŸ’–,13.5M,Mexico,337.5K,396.3K,Lifestyle,,September
515,516,daquan,Daquan,16.7M,United States,207.3K,319.7K,Humor & Fun & Happiness,,September
516,517,sommerray,Sommer Ray,26.3M,United States,129.5K,203.2K,Modeling,,September
517,518,theshilpashetty,Shilpa Shetty Kundra,26.5M,India,173.5K,201.6K,Cinema & Actors/actresses,,September
518,519,charlieputh,Charlie Puth,16.7M,United States,222.8K,316.7K,,,September
519,520,golfarahani,Golshifteh Farahani,13.7M,Iran,301.7K,388.9K,Cinema & Actors/actresses,,September
520,521,choquei,CHOQUEI,17.5M,Brazil,97.1K,301.6K,Literature & Journalism,,September
521,522,kingbach,King Bach,23.1M,United States,113.3K,227.2K,Cinema & Actors/actresses,Modeling,September
522,523,dra.deolanebezerra,Deolane Bezerra âš–ï¸,15M,Brazil,163.6K,351.3K,Beauty,Lifestyle,September
523,524,lexibrookerivera,Lexi Rivera,8.5M,United States,512K,640.5K,Shows,Humor & Fun & Happiness,September
524,525,yooncy1,ìœ¤ì°¬ì˜ Yoon chanyoung,4.9M,South Korea,904.7K,1.1M,Lifestyle,,September
525,526,k.kbeom,á„€á…µá†·á„‡á…¥á†· kimbum,5.4M,Indonesia,798.4K,977.1K,,,September
526,527,angelinajolie,Angelina Jolie,13.6M,Brazil,232.4K,384.9K,,,September
527,528,liamhemsworth,Liam Hemsworth,13M,United States,280.9K,398.9K,Cinema & Actors/actresses,,September
528,529,klaythompson,Klay Thompson,13.4M,United States,267.5K,388.8K,Sports with a ball,Lifestyle,September
529,530,caviarmagnat,Anton Tregubov,15.1M,Russia,239.3K,345.9K,Lifestyle,,September
530,531,melissamelmaia,MEL MAIA ğŸ¯,13.5M,Brazil,211.4K,383K,,,September
531,532,soohyun_k216,á„€á…µá†·á„‰á…®á„’á…§á†« Kim Soo Hyun é‡‘ç§€è³¢,13.9M,Indonesia,304.8K,371K,,,September
532,533,yerimiese,Yeri,10.7M,Indonesia,386.7K,478.9K,Lifestyle,,September
533,534,superstar_dewasi99,SUPERSTARDEWASI 99,13.5M,India,241.7K,381.8K,Cinema & Actors/actresses,,September
534,535,d_degeaofficial,David De Gea,13.8M,United Kingdom,264.2K,373.9K,Sports with a ball,,September
535,536,urstrulymahesh,Mahesh Babu,8.8M,India,534.1K,588K,Cinema & Actors/actresses,,September
536,537,angeldimariajm,AÌngel Di MariÌa,18.5M,Argentina,186.7K,275.2K,Sports with a ball,,September
537,538,fuckjerry,FUCKJERRY,16.8M,United States,236.6K,306K,Humor & Fun & Happiness,,September
538,539,__youngbae__,TAEYANG,13.6M,Indonesia,331K,373.9K,,,September
539,540,d_a___m_i,KIM DA MI,4.6M,Indonesia,900K,1.1M,,,September
540,541,salmahayek,Salma Hayek Pinault,21.6M,United States,189.1K,233.8K,Cinema & Actors/actresses,,September
541,542,lakers,Los Angeles Lakers,20.2M,United States,161.7K,247.9K,Sports with a ball,,September
542,543,actorsuriya,Suriya Sivakumar,5.4M,India,733.8K,952.3K,Cinema & Actors/actresses,,September
543,544,yugyeom,KYUM,11.5M,Brazil,364.6K,437.4K,Cinema & Actors/actresses,,September
544,545,dindahw,Dinda Hauw,14.6M,Indonesia,228.7K,342.4K,Cinema & Actors/actresses,,September
545,546,dylansprouse,Dylan Sprouse,9.1M,United States,352.5K,553.4K,Cinema & Actors/actresses,,September
546,547,sav.labrant,Savannah Rose LaBrant,7.1M,United States,518.8K,693.9K,Family,Lifestyle,September
547,548,riteishd,Riteish Deshmukh,15.3M,India,272.7K,318.6K,Cinema & Actors/actresses,,September
548,549,ozuna,@ozutochi ğŸ”œ,22.5M,Spain,160.7K,215.6K,,,September
549,550,xsqueezie,,7.9M,France,526.4K,615.6K,Lifestyle,,September
550,551,emiliamernes,Emilia Mernes,6.2M,Argentina,415K,781K,,,September
551,552,nehasharmaofficial,Neha Sharma ğŸ’«,14.8M,India,280.7K,322.5K,Cinema & Actors/actresses,,September
552,553,sommerray,Sommer Ray,26.3M,United States,115.2K,180.9K,Modeling,,September
553,554,srinidhi_shetty,Srinidhi Shetty ğŸŒ¸,4.4M,India,818.6K,1.1M,Beauty,Cinema & Actors/actresses,September
554,555,shreyaghoshal,shreyaghoshal,24.8M,India,171.2K,191.2K,,,September
555,556,memezar,MEMEZAR â€¢ Comedy and Culture,23M,United States,137.2K,204.5K,Cinema & Actors/actresses,,September
556,557,chloegmoretz,ChloÃ« Grace Moretz,21.5M,United States,163.2K,218.3K,Cinema & Actors/actresses,,September
557,558,warriors,Golden State Warriors,25.5M,United States,132K,183K,Lifestyle,Sports with a ball,September
558,559,gusttavolima,ğŸ› Gusttavo Lima ğŸ›,44M,Brazil,64.7K,107.2K,,,September
559,560,kun11xd,KUN,6.9M,Indonesia,552.5K,689.6K,Lifestyle,,September
560,561,lukehemmings,Luke Hemmings,7.9M,United States,351.7K,599.7K,,,September
561,562,juansguarnizo,Juan SebastiÃ¡n Guarnizo,6.3M,Mexico,683.7K,748.7K,Lifestyle,,September
562,563,amauryguichon,Amaury Guichon,9.5M,United States,404K,492.3K,Food & Cooking,,September
563,564,phoebejtonkin,Phoebe Tonkin,8.4M,United States,388.3K,554.1K,Beauty,Cinema & Actors/actresses,September
564,565,nita_shilimkar,Nita Shilimkar,11.5M,India,301.8K,398.6K,Lifestyle,Fashion,September
565,566,gessicakayane,GKAY,20M,Brazil,111.7K,231.2K,Shows,Humor & Fun & Happiness,September
566,567,nessabarrett,ness,7.3M,United States,470.7K,637.9K,Lifestyle,,September
567,568,liverpoolfc,Liverpool Football Club,40.3M,United Kingdom,81K,113.1K,Sports with a ball,,September
568,569,dew_jsu,2000,6.3M,Indonesia,544.5K,732.3K,Beauty,Lifestyle,September
569,570,itsmarziapie,Marzia Kjellberg,8.3M,United States,450.1K,549.9K,Beauty,Lifestyle,September
570,571,lizakoshy,Liza Koshy,20.2M,United States,167K,222.4K,Cinema & Actors/actresses,,September
571,572,hztttao,Z.TAOğŸ”´é»„å­éŸ¬,11.3M,Indonesia,357.9K,398.3K,,,September
572,573,pozevidalouca,Poze Do Rodo ğŸ¤‘,8.2M,Brazil,223.1K,560.8K,Lifestyle,,September
573,574,icc,ICC,24.1M,India,153.9K,184.6K,Sports with a ball,,September
574,575,sushitrash,JOJI,6.5M,United States,570.6K,698.1K,,,September
575,576,hugogloss,Hugo Gloss,20.3M,Brazil,110.9K,218.7K,Literature & Journalism,Humor & Fun & Happiness,September
576,577,donya,Donya,15.3M,Iran,194.2K,308.6K,Lifestyle,,September
577,578,lilyrose_depp,Lily-Rose Depp,6.7M,United States,421.7K,662.8K,Modeling,,September
578,579,sportscenter,SportsCenter,31.8M,United States,76.6K,137.3K,Sports with a ball,Shows,September
579,580,leejen_o_423,LEE JENO,2.2M,,0,2.3M,,,September
580,581,asabopp,Asa Butterfield,5.7M,Brazil,521.7K,762.7K,Cinema & Actors/actresses,,September
581,582,naileadevora,nai,5.3M,United States,560.6K,828.5K,Lifestyle,,September
582,583,actorprabhas,Prabhas,8.8M,India,443.3K,496.3K,Shows,Cinema & Actors/actresses,September
583,584,amitabhbachchan,Amitabh Bachchan,31.1M,India,119.6K,138.3K,Cinema & Actors/actresses,,September
584,585,missasinfonia,MissaSinfonia,5.8M,Mexico,667.4K,747.7K,Cinema & Actors/actresses,,September
585,586,sandrinna_11,Drinna ğŸ–¤,10.7M,Indonesia,311.1K,396.8K,Lifestyle,,September
586,587,theellenshow,Ellen DeGeneres,125.1M,United States,28.4K,34.2K,Shows,Cinema & Actors/actresses,September
587,588,jeonghaniyoo_n,ìœ¤ì •í•œ,3.6M,Iran,935.4K,1.2M,Lifestyle,,September
588,589,memphisdepay,Memphis Depay,15.4M,France,155.7K,277.2K,Sports with a ball,,September
589,590,aishwaryaraibachchan_arb,AishwaryaRaiBachchan,10.4M,India,318.2K,406.6K,Cinema & Actors/actresses,,September
590,591,otabek_muhammadalievich,Otabek Umarov,20M,Russia,157.4K,211.9K,,,September
591,592,pedri,Pedri GonzÃ¡lez,7.1M,Spain,0,598.5K,Sports with a ball,,September
592,593,reesewitherspoon,Reese Witherspoon,28.3M,United States,124.4K,149.2K,Cinema & Actors/actresses,,September
593,594,marcusrashford,Marcus Rashford MBE,12.8M,United Kingdom,206.6K,326.9K,Sports with a ball,,September
594,595,matue,,8.1M,Brazil,288.8K,530.6K,Lifestyle,Sports with a ball,September
595,596,alexadellanos,Alexa Dellanos,9.8M,United States,276.5K,432.6K,Lifestyle,,September
596,597,faz3,Fazza,14.7M,United Arab Emirates,221.1K,289.9K,Lifestyle,,September
597,598,ronaldo,Ronaldo,23.5M,Brazil,103.4K,178.3K,Sports with a ball,,September
598,599,araikgalstyanmoscowschool,ï¼¡ï¼²ï¼¡ï¼©ï¼«  ï¼§ï¼¡ï¼¬ï¼³ï¼´ï¼¹ï¼¡ï¼®Â®ï¸,16.3M,Turkey,197.6K,255.7K,Beauty,,September
599,600,l7nnon,L7,8.8M,Brazil,200.9K,477.2K,Lifestyle,,September
600,601,l7nnon,L7,8.8M,Brazil,200.9K,477.2K,Lifestyle,,September
601,602,avrillavigne,Avril Lavigne,11.7M,Brazil,284.5K,354.2K,Cinema & Actors/actresses,Fashion,September
602,603,karelyruiz,Karely Ruiz,7M,Mexico,472.4K,593K,Lifestyle,,September
603,604,rizkybillar,Muhammad Rizky Billar,12.9M,Indonesia,248.5K,321K,Shows,Beauty,September
604,605,victoriajustice,Victoria Justice,22.9M,United States,131.1K,179.4K,Cinema & Actors/actresses,Modeling,September
605,606,vousmevoyez,KRYSTAL,10.4M,Indonesia,304.7K,395.2K,Cinema & Actors/actresses,,September
606,607,zoeisabellakravitz,ZoeÌˆ Kravitz,8.4M,United States,323.3K,490.4K,Cinema & Actors/actresses,,September
607,608,egupta,Esha Gupta,11.6M,India,280.6K,351.3K,Lifestyle,Cinema & Actors/actresses,September
608,609,catherinemcbroom,Catherine Paiz,7.3M,United States,329.5K,565.9K,Family,,September
609,610,malutrevejo,MaluÌ ğŸ¦‹ 222ğŸ¤,11.5M,United States,197.2K,353.8K,,,September
610,611,elmarianaa,El Mariana,4.5M,Mexico,809.5K,919.4K,,,September
611,612,avengers,Avengers,13.6M,India,238.8K,299.1K,Cinema & Actors/actresses,,September
612,613,skaijackson,S K A I,8M,United States,290.5K,512.7K,Lifestyle,,September
613,614,iam_linyi,æˆ‘æ˜¯æ—ä¸€åŒå­¦,4M,Indonesia,781K,1M,,,September
614,615,yihyun_1208,á„Œá…©á„‹á…µá„’á…§á†« cho yihyun,5.2M,South Korea,618.9K,783.4K,Lifestyle,,September
615,616,nickjonas,Nick Jonas,33.1M,United States,86.1K,122.5K,,,September
616,617,everyone_woo,Wonwoo,3.4M,Indonesia,935.5K,1.2M,,,September
617,618,aleoliveiracm,AleÌ‚ Oliveira,8.5M,Brazil,198K,507.9K,Humor & Fun & Happiness,,September
618,619,nikkietutorials,NikkieTutorials,16.5M,United States,178K,242.2K,Beauty,,September
619,620,centralcee,ğŸ“²,4.4M,United Kingdom,373.4K,914.7K,Lifestyle,,September
620,621,andreavaldirisos,ANDREA VALDIRI ğŸ‡¨ğŸ‡´,8.7M,Colombia,326.9K,465K,Lifestyle,Beauty,September
621,622,pledis_boos,ìŠ¹ê´€ SEUNGKWAN,4.5M,Indonesia,732.3K,888.4K,,,September
622,623,jenna_chew,JENNA å‘¨ç”„å¨œ,7.9M,United States,414.7K,506.2K,Fitness & Gym,,September
623,624,simaria,Simaria Mendes,28.3M,Brazil,96.5K,140.4K,,,September
624,625,romanreigns,Joe Anoai aka â€œRoman Reignsâ€,6.6M,India,471.8K,612.4K,Lifestyle,,September
625,626,netflixbrasil,Netflix Brasil,32.6M,Brazil,70.7K,120.8K,Shows,Cinema & Actors/actresses,September
626,627,piawurtzbach,Pia Wurtzbach,13.8M,Philippines,234.5K,282.8K,Beauty,Modeling,September
627,628,soueunavida,Sou Eu Na Vida,18.1M,Brazil,114.5K,218.5K,Humor & Fun & Happiness,,September
628,629,kenzie,kenzie â™¡,14.8M,United States,171.2K,260.5K,,,September
629,630,ozgecangurelofficial,OÌˆzge GuÌˆrel,5.8M,Turkey,553.2K,679.9K,Cinema & Actors/actresses,,September
630,631,adinross,,3.6M,United States,607.6K,1.2M,,,September
631,632,realcoleworld,Cole World,7.7M,United States,266.4K,506.4K,,,September
632,633,mancity,Manchester City,34.3M,United Kingdom,83K,112.1K,Sports with a ball,,September
633,634,perspolis,Persepolis,8.3M,Iran,335.2K,476.4K,Sports with a ball,,September
634,635,lacasadepapel,La Casa de Papel,12.6M,Brazil,202.5K,304.4K,Cinema & Actors/actresses,Shows,September
635,636,cvillaloboss,CARMEN VILLALOBOS,20.5M,Colombia,151.4K,186.7K,Shows,Cinema & Actors/actresses,September
636,637,jeromepolin,Jerome Polin Sijabat ã‚·ã‚™ã‚§ãƒ­ãƒ¼ãƒ ,7M,Indonesia,379K,555.5K,Education,Humor & Fun & Happiness,September
637,638,sarahhyland,Sarah Hyland,9.9M,United States,310.1K,387.7K,Cinema & Actors/actresses,Lifestyle,September
638,639,dejesusoficial,Gabriel Jesus,18.4M,Brazil,132.4K,205K,Sports with a ball,,September
639,640,aliandooo,Aliando Syarief,17.1M,Indonesia,144.1K,229.9K,Cinema & Actors/actresses,,September
640,641,aslisona,Sonakshi Sinha,23.3M,India,134.4K,162.6K,Cinema & Actors/actresses,Lifestyle,September
641,642,playstation,PlayStation,28.9M,United States,107.3K,131.4K,Computers & Gadgets,,September
642,643,drewstarkey,Drew Starkey,3.1M,United States,622.4K,1.2M,Cinema & Actors/actresses,,September
643,644,youngdae0302,á„€á…µá†·á„‹á…§á†¼á„ƒá…¢,4.5M,Indonesia,636.2K,839.8K,,,September
644,645,sanchooo10,Jadon Sancho,8.9M,United Kingdom,244.6K,427.7K,Sports with a ball,,September
645,646,lamborghini,Lamborghini,32.2M,India,83.8K,115.6K,Luxury,Cars & Motorbikes,September
646,647,geewonii,ê¹€ì§€ì›,7.7M,Indonesia,369.8K,486.8K,,,September
647,648,taylor_hill,Taylor Hill,20.5M,United States,121K,180.5K,Fashion,Modeling,September
648,649,sooyoungchoi,Sooyoung Choi,7.4M,Indonesia,421.3K,508.5K,Beauty,Lifestyle,September
649,650,natashawilona12,Natasha Wilona,39.4M,Indonesia,78.5K,93.7K,Beauty,,September
650,651,chrissyteigen,chrissy teigen,39.1M,United States,72K,94K,Shows,Modeling,September
651,652,francinyehlke,Franciny Ehlke,15.6M,Brazil,107.9K,235.9K,Beauty,,September
652,653,dacremontgomery,Dacre Montgomery,8.8M,United States,314.2K,419.9K,Cinema & Actors/actresses,,September
653,654,lizzobeeating,Lizzo,12.9M,United States,204.1K,286K,Lifestyle,Cinema & Actors/actresses,September
654,655,dylanminnette,Dylan Minnette,7.3M,United States,312.1K,507.4K,Cinema & Actors/actresses,,September
655,656,nita_shilimkar,Nita Shilimkar,11.5M,India,240.5K,318K,Lifestyle,Fashion,September
656,657,phoebejtonkin,Phoebe Tonkin,8.4M,United States,309.4K,441.6K,Beauty,Cinema & Actors/actresses,September
657,658,39saku_chan,Sakura Miyawaki,4.3M,Indonesia,708K,873.1K,Lifestyle,Cinema & Actors/actresses,September
658,659,rogerfederer,Roger Federer,9.8M,Spain,294.3K,380.8K,Sports with a ball,,September
659,660,geneliad,Genelia Deshmukh,10.4M,India,282.6K,350K,Cinema & Actors/actresses,,September
660,661,dbook,Devin,5.4M,United States,349.4K,687K,Lifestyle,Sports with a ball,September
661,662,theslumpgod,Stokeley,5.4M,United States,398.5K,693.5K,,,September
662,663,paulwalker,Paul Walker,15.1M,India,175.9K,241.1K,Cinema & Actors/actresses,,September
663,664,iampauloandre,Paulo AndreÌ ğŸ,9.9M,Brazil,135.4K,381.2K,Photography,Lifestyle,September
664,665,parishilton,Paris Hilton,20.2M,United States,109.3K,180.6K,Modeling,,September
665,666,maudyayunda,Maudy Ayunda,17.2M,Indonesia,143.2K,211.1K,,,September
666,667,blonded,Frank,3.7M,United States,529.9K,990.1K,,,September
667,668,djsnake,djsnake,9.7M,India,318.5K,378.2K,,,September
668,669,achrafhakimi,Achraf Hakimi,10.1M,Morocco,244.3K,359K,Sports with a ball,,September
669,670,bleacherreport,Bleacher Report,19.6M,United States,94.3K,186.1K,Sports with a ball,,September
670,671,offsetyrn,OFFSET,19.9M,United States,102.6K,183.9K,,,September
671,672,narins_beauty,â€¢â€¢Narins Beautyâ€¢â€¢,9.3M,Syria,329.8K,405.2K,Lifestyle,,September
672,673,kyrieirving,HÃ©lÃ ,17.2M,United States,140.2K,212.1K,Sports with a ball,,September
673,674,myketowers,MICHAEL,9.5M,Spain,216K,389.6K,,,September
674,675,burcuozberk,Burcu Ã–zberk,9.3M,Turkey,305.4K,395.5K,Cinema & Actors/actresses,,September
675,676,chrismcg,Christopher McGinnis,11.1M,United States,147.2K,324K,,,September
676,677,indiancricketteam,Team India,25.6M,India,119.9K,139.9K,Sports with a ball,,September
677,678,oprah,Oprah,21.5M,United States,143.7K,169.8K,Cinema & Actors/actresses,Shows,September
678,679,machinegunkelly,the Blonde Don,9.7M,United States,233.4K,375.2K,,,September
679,680,elliotpage,,6.2M,United States,405.1K,583.1K,Cinema & Actors/actresses,,September
680,681,raashiikhanna,Raashii Khanna,8.6M,India,350.6K,417.9K,Cinema & Actors/actresses,,September
681,682,beautifuldestinations,BEAUTIFUL DESTINATIONS,24.7M,United States,107.6K,144.3K,Photography,Travel,September
682,683,madisonbaileybabe,Maddie Baby,6.7M,United States,288.9K,541K,Lifestyle,Cinema & Actors/actresses,September
683,684,rishabpant,Rishabh Pant,6.9M,India,439.7K,522.3K,Lifestyle,Sports with a ball,September
684,685,ho5hi_kwon,HOSHI,3.6M,Indonesia,765.2K,995.2K,Lifestyle,,September
685,686,bigsean,BIGSEAN,15.4M,United States,125.4K,228.8K,,,September
686,687,brfootball,Bleacher Report Football,12.6M,United States,172.1K,278.1K,Sports with a ball,,September
687,688,kingryan,Ryan Garcia,9M,United States,261.4K,394.8K,Fitness & Gym,,September
688,689,andresiniesta8,Andres Iniesta,40.2M,Spain,60K,87K,Sports with a ball,,September
689,690,alvxaro,ALVARO,9.9M,Brazil,144.6K,362.4K,Lifestyle,,September
690,691,willevy,William  Levy / Actor Producer,10.9M,Brazil,242.1K,326.1K,Shows,Cinema & Actors/actresses,September
691,692,pokimanelol,pokimane ğŸ¤,6.2M,United States,436.7K,575.3K,Lifestyle,Shows,September
692,693,jamorant,12 ğŸ¥·ğŸ½ğŸ–¤,7.7M,United States,284.6K,459.9K,Winter sports,Sports with a ball,September
693,694,amadorat,N I C O L E   A M A D O ğŸ‰,8.3M,Mexico,378.8K,423.3K,Fashion,Lifestyle,September
694,695,smriti_mandhana,Smriti Mandhana,6.5M,India,472.1K,547K,Sports with a ball,,September
695,696,marinaruybarbosa,Marina Ruy Barbosa,40.9M,Brazil,56.3K,85.9K,Cinema & Actors/actresses,,September
696,697,alishalehmann7,Alisha Lehmann,8.2M,Brazil,227.8K,430.1K,Sports with a ball,,September
697,698,bhadbhabie,Bhabie,16.4M,United States,112.4K,210.9K,,,September
698,699,dear.zia,ğ‘“ğ‘Ÿğ‘’ğ‘’ğ‘§ğ‘–ğ‘ .ğŸŒ¼,3.7M,South Korea,839.7K,944.5K,,,September
699,700,haifawehbe,Haifa Wehbe,10.5M,Iraq,226.6K,331.8K,,,September
700,701,dkharbour,David Harbour,9.7M,United States,274.5K,359.7K,Cinema & Actors/actresses,,September
701,702,eilirjani,Elton ILIRJANI,10.4M,Albania,229.1K,330.8K,Adult content,,September
702,703,agnezmo,AGNEZ MO,29M,Indonesia,71.3K,118.4K,,,September
703,704,staceysolomon,Stacey Solomon,5.4M,United Kingdom,536.2K,645.9K,Family,,September
704,705,supercarblondie,Alex - that girl with the Cars,10.8M,India,200.1K,317.1K,Cars & Motorbikes,,September
705,706,arishfakhan138,Sayyed Arishfa Khan ğŸ’,29.4M,India,96.6K,117.3K,Cinema & Actors/actresses,,September
706,707,sebastianyatra,Sebastian Yatra,29.8M,Argentina,82.3K,114.9K,,,September
707,708,yg_treasure_official,TREASURE (íŠ¸ë ˆì €),5.6M,Indonesia,483.4K,618.5K,,,September
708,709,karljacobs,Karl Jacobs,4.3M,United States,618.4K,805.4K,,,September
709,710,rezagolzar,Mohammad Reza Golzar,12.3M,Iran,197.2K,288K,Cinema & Actors/actresses,,September
710,711,saharghoreyshiofficialpage,Ø³Ø­Ø± Ù‚Ø±ÙŠØ´Ù‰ Sahar Ghoreyshi,11.5M,Iran,203.9K,297.9K,,,September
711,712,f1,FORMULA 1Â®,20.7M,Italy,129.3K,163.5K,Racing Sports,,September
712,713,wos.ds3,ValentiÌn Oliva,6.6M,Argentina,341.4K,522.4K,,,September
713,714,dk_is_dokyeom,ë„ê²¸,3.5M,Iran,825.4K,994.2K,Lifestyle,,September
714,715,sonambajwa,Sonam Bajwa,8.2M,India,330.2K,422K,Cinema & Actors/actresses,,September
715,716,demirose,Demi ğŸŒ¹,19.9M,United States,130.7K,170.4K,Modeling,Lifestyle,September
716,717,21savage,,13.6M,United States,140.2K,246.4K,,,September
717,718,apple,apple,28.1M,India,88.2K,118.8K,Computers & Gadgets,Photography,September
718,719,jxxvvxxk,á„‹á…µá„Œá…¢á„‹á…®á†¨,3.9M,Indonesia,694.3K,872.8K,,,September
719,720,umutisler,Umut Ä°ÅŸler,11M,India,188K,302.2K,Food & Cooking,,September
720,721,grantgust,Grant Gustin,7.8M,Brazil,305.4K,432.7K,Cinema & Actors/actresses,Fashion,September
721,722,huddy,Chase Hudson,11.6M,United States,206.8K,285K,Lifestyle,,September
722,723,vernonline,Vernon ë²„ë…¼,4.6M,Japan,543.6K,719.1K,,,September
723,724,hichasestokes,,7.4M,United States,301.7K,452K,Humor & Fun & Happiness,Lifestyle,September
724,725,netflix,Netflix US,31.2M,Brazil,64.1K,105.2K,Cinema & Actors/actresses,Shows,September
725,726,kittychicha,ğŸ–¤KITTY CHICHAğŸ±,4.3M,Philippines,635.9K,771.1K,,,September
726,727,ederbez,Eugenio Derbez,18.6M,Mexico,156.3K,175.6K,Cinema & Actors/actresses,Lifestyle,September
727,728,amybethmcnulty,Amybeth,7.8M,Brazil,307.9K,423K,Lifestyle,Cinema & Actors/actresses,September
728,729,viihtube,Viih Tube,23.6M,Brazil,73.2K,138.2K,Cinema & Actors/actresses,,September
729,730,juki_lop,JukiLop,9.4M,Mexico,300K,349.1K,Shows,Family,September
730,731,espn,ESPN,23.7M,United States,75.4K,137K,Sports with a ball,,September
731,732,simonettalein,Simonetta Lein,12.4M,India,188.8K,260.1K,Beauty,Cinema & Actors/actresses,September
732,733,yasminabdelaziz_,Yasmin Abdelaziz,16.2M,Egypt,169.8K,200.9K,Cinema & Actors/actresses,,September
733,734,miamalkova,Mia Malkova,11.1M,India,215.3K,291.6K,Cinema & Actors/actresses,,September
734,735,adrianalima,Adriana Lima,14.9M,United States,146.4K,215.4K,Modeling,Fashion,September
735,736,shivangijoshi18,à¤¶à¤¿à¤µà¤¾à¤‚à¤—à¥€ à¤œà¥‹à¤¶à¥€,7.4M,India,365.1K,439.5K,Lifestyle,,September
736,737,davidluiz23,David Luiz,22.2M,Brazil,65.8K,144.6K,Sports with a ball,,September
737,738,saipallavi.senthamarai,Sai Pallavi,6.1M,India,462.7K,530.8K,Cinema & Actors/actresses,,September
738,739,sonamkapoor,Sonam Kapoor Ahuja,33.5M,India,80.6K,95.3K,Fashion,Modeling,September
739,740,adamsandler,Adam Sandler,13.6M,United States,184.7K,235.5K,Cinema & Actors/actresses,,September
740,741,noorstars,Ù†ÙˆØ± Ø³ØªØ§Ø±Ø² | Noor Stars,13.3M,Iraq,180.7K,242.1K,Shows,,September
741,742,jennifer.garner,Jennifer Garner,13.6M,United States,206.4K,233.8K,Cinema & Actors/actresses,,September
742,743,troyesivan,troye sivan,13.4M,United States,164.1K,235.7K,Fashion,Modeling,September
743,744,jaybnow.hr,LIM JAE BEOM,6.9M,United States,353.6K,464K,,,September
744,745,litkillah,MAWZğŸ’¬,8.1M,Argentina,298.2K,393K,,,September
745,746,schwarzenegger,Arnold Schwarzenegger,22.6M,United States,118.9K,139.8K,Cinema & Actors/actresses,Fitness & Gym,September
746,747,wayvofficial,WayV,7.5M,Indonesia,358.9K,427.4K,,,September
747,748,giannis_an34,Giannis Ugo Antetokounmpo,13.3M,United States,147.9K,233.9K,Sports with a ball,,September
748,749,dagelan,Dagelan,21M,Indonesia,89K,151K,Humor & Fun & Happiness,,September
749,750,_abu_saalim_,ABU SAALIM,3M,India,446.5K,1.1M,Photography,Cinema & Actors/actresses,September
750,751,pooorblack,Pooorblack,4.9M,Iran,503.5K,652.1K,,,September
751,752,trentarnold66,Trent Alexander-Arnold,7.8M,United Kingdom,275.4K,403.3K,Lifestyle,Sports with a ball,September
752,753,earthpix,ğŸŒ  EarthPix  ğŸŒ,23.2M,United States,102.8K,133.3K,Nature & landscapes,Photography,September
753,754,maneskinofficial,MaÌŠneskin,6.2M,Italy,356.3K,502.8K,Modeling,Cinema & Actors/actresses,September
754,755,nodal,Christian Nodal ğŸ‡²ğŸ‡½ ğŸŒµğŸ’š,9.4M,Mexico,229.1K,336.8K,,,September
755,756,ivan_buhaje,spreen,3.1M,Argentina,825.8K,1M,,,September
756,757,joshuadun,jÃ¸sh dun,6.2M,United States,415.7K,507.8K,,,September
757,758,juliopfernandez,J U L I O   P E Ã‘ A   F. D E Z,3.4M,Brazil,714.9K,909.3K,,,September
758,759,sonu_sood,Sonu Sood,17.4M,India,154.7K,177K,Cinema & Actors/actresses,,September
759,760,voguemagazine,Vogue,40.3M,United States,50.5K,76.1K,Literature & Journalism,Fashion,September
760,761,valentinazenere,Valentina Zenere,10.1M,Brazil,248.4K,302.5K,Modeling,Lifestyle,September
761,762,shikhardofficial,Shikhar Dhawan,11.4M,India,234.5K,268.3K,Sports with a ball,,September
762,763,nancyajram,Nancy Ajram,33.3M,Iraq,72.5K,92.7K,,,September
763,764,mclomaofficial,Paloma Santos ğŸŸ,8.3M,Brazil,218.9K,375.2K,,,September
764,765,rodwave,RodWave,5.6M,United States,254.6K,566.1K,,,September
765,766,yamigautam,Yami Gautam Dhar,16.4M,India,160.2K,186K,Cinema & Actors/actresses,,September
766,767,madonna,Madonna,18.5M,Italy,112.6K,168.1K,,,September
767,768,fcbayern,FC Bayern,34M,Germany,61.1K,89.6K,Sports with a ball,,September
768,769,lacikaysomers,Laci Kay Somers,12.2M,United States,148.5K,254.1K,Modeling,,September
769,770,sincerooficial,Sincero Oficial,21.7M,Brazil,72.4K,140K,Humor & Fun & Happiness,,September
770,771,ewsbdi,ë¡œìš´,4.7M,Indonesia,439.6K,657.1K,,,September
771,772,nikefootball,Nike Football (Soccer),45.4M,Brazil,42.8K,66.1K,Sports with a ball,Clothing & Outfits,September
772,773,candiceking,Candice King,10M,Brazil,214.1K,298.4K,Family,Lifestyle,September
773,774,beberexha,Bebe Rexha,10.7M,India,189.3K,279.9K,Lifestyle,,September
774,775,rockstargames,Rockstar Games,23.3M,United States,104.5K,129.6K,Cars & Motorbikes,,September
775,776,onwardwanna,"Javon ""Wanna"" Walton",6M,United States,301.8K,503.8K,Lifestyle,Cinema & Actors/actresses,September
776,777,diljitdosanjh,DILJIT DOSANJH,14M,India,176.8K,213K,Cinema & Actors/actresses,,September
777,778,emmaroberts,Emma Roberts,18.3M,United States,110K,162.4K,Cinema & Actors/actresses,,September
778,779,filiperet,RetchÃª,7.7M,Brazil,153.9K,392.8K,Lifestyle,Photography,September
779,780,vanessalopesr_,Vanessa Lopes,12.3M,Brazil,73.7K,240.2K,Lifestyle,,September
780,781,harshasai_,Harsha sai,2.7M,India,958.9K,1.1M,Shows,,September
781,782,ahmedabohashima,Ahmed Abouhashima,17.3M,Egypt,125.9K,170K,Business & Careers,Finance & Economics,September
782,783,ncentineo,Noah,16.5M,Brazil,106.8K,177.6K,Cinema & Actors/actresses,,September
783,784,galatasaray,Galatasaray,11.6M,Turkey,209.4K,253.5K,Sports with a ball,,September
784,785,yefersoncossio,Yef,9.8M,Colombia,208.9K,305.3K,Lifestyle,,September
785,786,arsenal,Arsenal,22.8M,United Kingdom,85.3K,129.1K,Sports with a ball,,September
786,787,borodylia,ĞšÑĞµĞ½Ğ¸Ñ Ğ‘Ğ¾Ñ€Ğ¾Ğ´Ğ¸Ğ½Ğ°,19.1M,Russia,124K,152.9K,Shows,Family,September
787,788,willyrex,Willyrex,8.8M,Spain,284.4K,337.2K,Shows,,September
788,789,snoopdogg,snoopdogg,76M,United States,27.3K,38.9K,Lifestyle,,September
789,790,djokernole,Novak Djokovic,11.3M,Serbia,209.8K,258.4K,Sports with a ball,,September
790,791,ishowspeed,IShowSpeed,3.7M,United Kingdom,575.1K,813.8K,Lifestyle,,September
791,792,jackblack,Jack Black,8.9M,United States,251.8K,328.8K,Cinema & Actors/actresses,,September
792,793,normani,Normani,7.3M,United States,256.8K,401.3K,,,September
793,794,courteneycoxofficial,Courteney Cox,12.2M,India,178.9K,236.7K,Cinema & Actors/actresses,,September
794,795,shxxbi131,B.I,4M,Indonesia,620.4K,726.6K,Lifestyle,,September
795,796,jaspritb1,jasprit bumrah,9.8M,India,256.6K,294.8K,Lifestyle,Sports with a ball,September
796,797,marimaria,Mari Maria,20.2M,Brazil,74.2K,142.9K,Beauty,,September
797,798,t22felton,Tom Felton,11.9M,United States,186.8K,242K,Cinema & Actors/actresses,,September
798,799,jenniferwinget1,Jennifer Winget,13.5M,India,175.3K,213.2K,Cinema & Actors/actresses,,September
799,800,spacex,SpaceX,15.8M,United States,148.7K,180.9K,Science,Machinery & Technologies,September
800,801,virgilvandijk,Virgil van Dijk,12.6M,United Kingdom,159.8K,226.4K,Sports with a ball,,September
801,802,i_nivethathomas,Nivetha Thomas,6.1M,India,412K,466K,Cinema & Actors/actresses,,September
802,803,chaelincl,CL,10.3M,Brazil,206.3K,272.9K,Fashion,Modeling,September
803,804,subo_m,Subhan Mamedov,10.1M,Russia,229.5K,281K,Shows,,September
804,805,klarafgcastanho,KlÃ¥ra CÃ¥stanho,7.4M,Brazil,198.7K,385.5K,Cinema & Actors/actresses,,September
805,806,miketyson,Mike Tyson,19.2M,United States,114K,146.9K,Fitness & Gym,,September
806,807,streetartglobe,StreetArtGlobe â„¢ ğŸ˜±,16.6M,United States,124.4K,168.9K,,,September
807,808,nabilla,Nabilla Vergara âœ¨,8M,France,258.3K,355.4K,Beauty,,September
808,809,hadise,Hadise,13.8M,Turkey,173.6K,202.4K,Shows,,September
809,810,davidalaba,David Alaba,10.6M,Spain,185.3K,262.2K,Sports with a ball,,September
810,811,paollaoliveirareal,Paolla Oliveira,34.8M,Brazil,60.7K,80.3K,Cinema & Actors/actresses,Lifestyle,September
811,812,kawtarbamo,KAWTAR BA-MOHAMED ÙƒÙˆØ«Ø± Ø¨Ø§Ù…Ùˆ,7.5M,Morocco,276K,373.9K,Cinema & Actors/actresses,,September
812,813,kaliuchis,,4M,United States,407.1K,702.8K,,,September
813,814,sivakarthikeyan,Sivakarthikeyan Doss,5.2M,India,460.6K,542.5K,,,September
814,815,lance210,Lance Stewart,6.6M,United States,257K,426.3K,Cinema & Actors/actresses,Humor & Fun & Happiness,September
815,816,chieffkeeffsossa,Chief Keef,7.8M,United States,196K,362.5K,,,September
816,817,seojuhyun_s,SEOHYUN á„‰á…¥á„’á…§á†«,7.6M,Indonesia,295.7K,370.6K,Cinema & Actors/actresses,,September
817,818,actor_jg,ë°°ìš° ì´ì¤€ê¸°,6.5M,Indonesia,372.3K,437.3K,Cinema & Actors/actresses,,September
818,819,trueno,TR1 â›ˆ,6.9M,Argentina,261.6K,407.3K,,,September
819,820,junhui_moon,JUN æ–‡ä¿Šè¾‰,2.9M,Indonesia,797.7K,978.8K,Lifestyle,,September
820,821,asala,Asala,7.2M,Iraq,316.2K,392K,Shows,,September
821,822,mohanshakti,Shakti Mohan,16.5M,India,138.3K,166.1K,Cinema & Actors/actresses,,September
822,823,imouniroy,mon,24.5M,India,92.1K,112.2K,Cinema & Actors/actresses,,September
823,824,dominicfike,,3.5M,United States,417.8K,795.1K,,,September
824,825,anthonyjoshua,,14.3M,United Kingdom,141.5K,192K,Fitness & Gym,,September
825,826,flay,FLAY ğŸ™,7.7M,Brazil,174.1K,363.5K,Lifestyle,,September
826,827,gucci,,49M,United States,42K,55.7K,Accessories & Jewellery,Clothing & Outfits,September
827,828,alexis_officia1,Sanchez Alexis,14.5M,Chile,115.4K,190.5K,Sports with a ball,,September
828,829,sthefanematos,STHE âš“ï¸,10M,Brazil,123.1K,284.3K,Lifestyle,,September
829,830,jessicajane99,Jessica Jane,5.9M,Indonesia,352K,463.9K,Shows,Modeling,September
830,831,tohi,ğ“ğğ‡ğˆ,12.1M,Iran,162K,240.7K,Lifestyle,,September
831,832,egorkreed,Ğ•Ğ³Ğ¾Ñ€ ĞšÑ€Ğ¸Ğ´ | #HeartBreakKid,14.7M,Russia,151.1K,185.3K,,,September
832,833,dhanashree9,Dhanashree Verma,5.2M,India,417.2K,525K,Lifestyle,Cinema & Actors/actresses,September
833,834,blythe,Andrea Brillantes,13.5M,Philippines,175.4K,199.9K,Cinema & Actors/actresses,Modeling,September
834,835,anastasiya_kvitko,AK,12.4M,United States,179.4K,219.5K,Lifestyle,Modeling,September
835,836,natalee.007,Natalie Lee,7M,United States,308.6K,394.5K,Modeling,,September
836,837,fedevalverde,Fede Valverde,6.6M,Spain,293.8K,416.7K,Sports with a ball,,September
837,838,canelo,Saul Alvarez,13.5M,Mexico,143.8K,200.2K,Fitness & Gym,,September
838,839,alvaromorata,AÌlvaro Morata,17.9M,Italy,96.7K,149.5K,Sports with a ball,Literature & Journalism,September
839,840,ms_puiyi,Siew Pui Yi ğŸ¤,18.7M,United States,112.3K,143.8K,Adult content,,September
840,841,tamannaahspeaks,Tamannaah Bhatia,17.7M,India,129.4K,151K,Cinema & Actors/actresses,,September
841,842,tiagopzk,GOTTI A,5.4M,Argentina,219.4K,501.1K,,,September
842,843,rafakalimann,Rafa Kalimann,23.1M,Brazil,67.3K,121.4K,Modeling,,September
843,844,letthelordbewithyou,Scott Disick,27.5M,United States,64.1K,96.9K,Lifestyle,Family,September
844,845,jimmyfallon,Jimmy Fallon,23M,United States,92.5K,115.8K,Shows,Humor & Fun & Happiness,September
845,846,sofiaalcastro,â™¡sofia castro,8.8M,Colombia,225K,306.4K,Shows,Cinema & Actors/actresses,September
846,847,ler_chek,Ğ’Ğ°Ğ»ĞµÑ€Ğ¸Ñ Ğ§ĞµĞºĞ°Ğ»Ğ¸Ğ½Ğ°,10.4M,Russia,197.2K,254.3K,Lifestyle,Beauty,September
847,848,rafaelnadal,Rafa Nadal,16.1M,Spain,131.3K,164.1K,Sports with a ball,,September
848,849,iiqraaziz,IQRA AZIZ HUSSAINğŸ‡µğŸ‡°,8.8M,India,265.6K,302.7K,Beauty,Modeling,September
849,850,maitreyiramakrishnan,Maitreyi Ramakrishnan,3.8M,Brazil,485.4K,710.1K,Photography,Cinema & Actors/actresses,September
850,851,dhanushkraja,Dhanush,4.9M,India,421.3K,545.2K,Cinema & Actors/actresses,,September
851,852,priyankaamohanofficial,Priyanka Mohan,3.5M,India,672.3K,771.5K,Photography,Lifestyle,September
852,853,wdohwan,ìš°ë„í™˜,4.5M,Indonesia,446.2K,591.5K,Cinema & Actors/actresses,,September
853,854,zo,Lonzo Ball,14.7M,United States,98.9K,178.1K,Sports with a ball,,September
854,855,dukeandduchessofcambridge,Duke and Duchess of Cambridge,13.9M,United States,147.1K,187.9K,Family,Finance & Economics,September
855,856,min.nicha,MINNIE,4.1M,Thailand,468.8K,640.4K,Lifestyle,,September
856,857,kingarturo23oficial,Arturo Vidal,18.4M,Italy,87.9K,141.9K,Sports with a ball,,September
857,858,hm_son7,Son HeungMin(ì†í¥ë¯¼)ğŸ‡°ğŸ‡·,7.6M,Brazil,213.1K,346.6K,Sports with a ball,,September
858,859,iqbaal.e,Piko - The Forger,13.6M,Indonesia,111.2K,191.1K,Cinema & Actors/actresses,,September
859,860,arcticmonkeys,Arctic Monkeys,4.1M,United States,463.2K,651.5K,,,September
860,861,realshadmehr,Shadmehr Aghili,8.1M,Iran,236.4K,329.6K,,,September
861,862,laurenlondon,Lauren London,9.8M,United States,157.3K,268.8K,Cinema & Actors/actresses,Modeling,September
862,863,kevinho,KEVINHO,28M,Brazil,65.6K,91.8K,,,September
863,864,danialves,Daniel Alves,37.2M,Brazil,44.5K,69.1K,Sports with a ball,,September
864,865,jordynwoods,HEIR JORDYN,12.6M,United States,107.2K,203K,Modeling,Lifestyle,September
865,866,felipeneto,Felipe Neto ğŸ¦‰,16.2M,Brazil,112.5K,159.1K,Lifestyle,,September
866,867,floydmayweather,Floyd Mayweather,28.4M,United States,51.8K,90.8K,Fitness & Gym,,September
867,868,woozi_universefactory,WOOZI,4M,Indonesia,543.6K,646.7K,,,September
868,869,sergiroberto,Sergi Roberto,7.6M,Spain,215.1K,339K,Sports with a ball,,September
869,870,snejanaonopka15,Snejana Onopka,9.2M,Brazil,216.4K,288.9K,Modeling,,September
870,871,larray,larri,6.7M,United States,262.1K,384.5K,Lifestyle,Modeling,September
871,872,dorra_zarrouk,DORRA Ø¯Ø±Ø©.,15.9M,Egypt,118.2K,158.8K,Cinema & Actors/actresses,Fashion,September
872,873,keyshiakaoir,Keyshia Ka'oir Davis,7.8M,United States,182.6K,327.3K,Fitness & Gym,,September
873,874,bmw,BMW,33.7M,Iran,57.2K,74.7K,Cars & Motorbikes,,September
874,875,cnn,CNN,18.2M,United States,101.1K,139.5K,Shows,Literature & Journalism,September
875,876,guaynaa,Guaynaa ğŸ§¿,6.2M,Mexico,264.6K,408.1K,,,September
876,877,jscmila,Jessica Mila Agnesia,22.2M,Indonesia,84.6K,112.4K,Beauty,Modeling,September
877,878,sophiedee,Sophie Dee,12.4M,United States,153.1K,203.8K,Adult content,,September
878,879,jessica.syj,Jessica Jung,10.8M,Indonesia,189.5K,232.4K,Modeling,Beauty,September
879,880,kh1000le,CHENLE ZHONG,1.9M,,0,1.3M,,,September
880,881,felicyangelista_,Felicya Angelista,21.7M,Indonesia,83.3K,114.7K,Family,,September
881,882,aycaaysinturan,AycÌ§a AysÌ§in Turan,6M,Turkey,317.9K,424.1K,Cinema & Actors/actresses,,September
882,883,mirandacosgrove,Miranda Cosgrove,9.8M,Brazil,163.7K,255.7K,Cinema & Actors/actresses,Lifestyle,September
883,884,kareenakapoorkhan,Kareena Kapoor Khan,9.6M,India,210.4K,262.8K,Family,Cinema & Actors/actresses,September
884,885,samsmith,Sam Smith,14.6M,United States,115.3K,168.9K,Fashion,,September
885,886,jaydacheaves,JAYDA,7.7M,United States,110.2K,326.6K,Clothing & Outfits,,September
886,887,ms.sethii,Shilpa Sethi,6.5M,United States,255.9K,387.2K,Modeling,,September
887,888,realhinakhan,HK,17.3M,India,115.1K,141.7K,Cinema & Actors/actresses,,September
888,889,_irishbella_,Irish Bella,21.3M,Indonesia,92.3K,114.5K,Cinema & Actors/actresses,,September
889,890,thiagosilva,Thiago Silva,19.8M,Brazil,73.2K,123.3K,Sports with a ball,,September
890,891,watanabenaomi703,æ¸¡è¾ºç›´ç¾ã€€Naomi watanabe,9.9M,Japan,235.2K,250.5K,Cinema & Actors/actresses,Humor & Fun & Happiness,September
891,892,fifaworldcup,FIFA World Cup,29.1M,India,55.7K,84.1K,Sports with a ball,,September
892,893,allusnehareddy,Allu Sneha Reddy,8.4M,India,254.1K,294.6K,Travel,,September
893,894,twentyonepilots,twenty one pilots,8.5M,United States,229.1K,291.3K,,,September
894,895,soyneiva,Neiva Mara,11.9M,Brazil,153.7K,206.4K,Adult content,,September
895,896,yuzi_chahal23,Yuzvendra Chahal,8.1M,India,249.6K,304K,Lifestyle,Sports with a ball,September
896,897,kyliecosmetics,Kylie Cosmetics,26M,United States,65.1K,93.7K,Beauty,Shopping & Retail,September
897,898,theamitbhadana,Amit Bhadana ( à¤…à¤®à¤¿à¤¤ à¤­à¤¡à¤¼à¤¾à¤¨à¤¾ ),8.5M,India,239.1K,294.8K,Shows,,September
898,899,ridwankamil,Ridwan Kamil,19M,Indonesia,85.1K,130K,Literature & Journalism,Business & Careers,September
899,900,arashi_5_official,ARASHI,4.4M,Japan,554.2K,580.2K,,,September
900,901,bumkeyk,SHINee KEY,9.3M,Indonesia,221.7K,266K,,,September
901,902,dearra,De'arra Taylor,6.3M,United States,158.6K,395.6K,,,September
902,903,ansufati,Ansu Fati,9M,Spain,180.2K,273.3K,Sports with a ball,Winter sports,September
903,904,haniaheheofficial,Hania Aamir å“ˆå°¼äºšÂ·é˜¿ç±³å°”,6M,Pakistan,360.4K,413.2K,Beauty,Lifestyle,September
904,905,baifernbah,baifernbah,11.2M,Indonesia,171.1K,216.8K,Lifestyle,,September
905,906,raisa6690,,33.2M,Indonesia,46.8K,73K,,,September
906,907,jacksepticeye,Jacksepticeye,7.9M,United States,268.2K,311.5K,Computers & Gadgets,Machinery & Technologies,September
907,908,karolsevillaofc,KAROL SEVILLA,15.1M,Brazil,127.1K,160.7K,Cinema & Actors/actresses,,September
908,909,nidhhiagerwal,Nidhhi Agerwal ğŸŒŸ,25.4M,India,79.2K,94.7K,Cinema & Actors/actresses,Modeling,September
909,910,riyadmahrez26.7,RM26,9.2M,Algeria,206.5K,266K,Sports with a ball,,September
910,911,nadin_serovski,Nadin Serovski,9.4M,Russia,189.3K,259.3K,Family,Lifestyle,September
911,912,jasonderulo,Jason Derulo,10.4M,United States,162.1K,232.1K,,,September
912,913,veradijkmans,Vera Dijkmans,5.5M,United States,316.9K,445.4K,Adult content,,September
913,914,nashgrier,Nash Grier,12.6M,United States,106.3K,189.9K,Lifestyle,Modeling,September
914,915,fadiljaidi,Fadil Jaidi,7.9M,Indonesia,204.2K,306.9K,Lifestyle,,September
915,916,farhaddddddd,Farhad Majidi,3.6M,Iran,475.4K,786.5K,Sports with a ball,,September
916,917,landonorris,Lando Norris,5.7M,Italy,334.3K,421.2K,Racing Sports,Cars & Motorbikes,September
917,918,sabinahidalgo,Sabina Hidalgo,4.8M,Brazil,427.1K,512.5K,Lifestyle,,September
918,919,sofia9__official,SOFIA ANSARI,9.1M,India,193.1K,268.8K,Lifestyle,Cinema & Actors/actresses,September
919,920,canyaman,Can Yaman,10M,Italy,197.9K,246.2K,Cinema & Actors/actresses,Modeling,September
920,921,kashikakapoor09,Kashika Kapoor,9.6M,Indonesia,236.1K,254.5K,Beauty,Lifestyle,September
921,922,ykaaar,Damiano David/MaÌŠneskin,5.2M,Italy,336.7K,462K,Cinema & Actors/actresses,,September
922,923,jimena.jimenezr,Jimena,5.9M,Mexico,281.5K,406.5K,,,September
923,924,gongyoo_official,ê³µìœ  gongyoo official,3.6M,Indonesia,531.8K,668K,Lifestyle,,September
924,925,lilpump,Lil Pump,15M,United States,100.6K,157.5K,,,September
925,926,reynmen,reyn,7.1M,Turkey,264.8K,337.4K,Cinema & Actors/actresses,,September
926,927,soycintiacossio,Cintia Cossio,5.7M,Colombia,335.3K,418.7K,Modeling,Adult content,September
927,928,pefabiodemelo,FÃ¡bio de Melo,25.7M,Brazil,61K,92.2K,Lifestyle,,September
928,929,urassayas,Urassaya Sperbund,11.9M,Thailand,160.1K,194.9K,Cinema & Actors/actresses,Modeling,September
929,930,ashleygraham,A S H L E Y  G R A H A M,19M,United States,92.7K,122.6K,Modeling,,September
930,931,_chaechae_1,ê¹€ì±„ì› (CHAEWON),2.8M,South Korea,696.8K,838.2K,Lifestyle,,September
931,932,maxverstappen1,Max Verstappen,9.1M,United States,195.9K,257.6K,Racing Sports,,September
932,933,antony00,Antony Santos,4M,Brazil,322.4K,595.7K,Sports with a ball,,September
933,934,gun_atthaphan,ATp,5.6M,Indonesia,349.3K,418.1K,Lifestyle,,September
934,935,sinavaliollah,Sina Valiollah,7.3M,Iran,256.2K,323.2K,Shows,,September
935,936,moneybaggyo,Certified Speaker,8.4M,United States,119K,283.9K,Lifestyle,,September
936,937,hannahelzahed,Hannah El-Zahed,18.1M,Egypt,103.9K,128.5K,Cinema & Actors/actresses,,September
937,938,hasnaink07,Hasnain khan,13.1M,India,143.3K,179.3K,,,September
938,939,cobratate,Emory Andrew Tate III,4.7M,Romania,311K,506.8K,Lifestyle,Racing Sports,September
939,940,burnaboygram,Burna Boy,11.4M,Nigeria,110.6K,203.1K,,,September
940,941,eunbining0904,ë°•ì€ë¹ˆ,2.9M,South Korea,690.1K,814.7K,,,September
941,942,fortnite,Fortnite,25.7M,United States,76.3K,90.2K,Computers & Gadgets,,September
942,943,armaanmalik,ARMAAN MALIK ğŸ§¿,13.2M,India,151.6K,175.6K,,,September
943,944,julienco_,! Julian,6.4M,Germany,294.1K,362.3K,Lifestyle,Family,September
944,945,_hakkencoser_,Hakken å…«çŠ¬,3.7M,United States,511.8K,625.4K,Photography,Modeling,September
945,946,juliabarretto,Julia,11.2M,Philippines,159.3K,203.7K,Cinema & Actors/actresses,Lifestyle,September
946,947,bugatti,BUGATTI,16.7M,United States,100.8K,136.4K,Cars & Motorbikes,Luxury,September
947,948,joerogan,Joe Rogan,15.6M,United States,105.5K,147.2K,Humor & Fun & Happiness,Cinema & Actors/actresses,September
948,949,mccabelinho,LITTLE HAIR,5.4M,Brazil,218.9K,431.9K,Lifestyle,,September
949,950,strangehuman,nova,4.3M,United States,0,540.1K,Lifestyle,,September
950,951,tontawan,à¸•à¸¹ / t u ğŸŒ»(â€¢Ó©â€¢)à·†âƒ›,3.8M,Thailand,459.1K,603.8K,Beauty,Lifestyle,September
951,952,danielricciardo,Daniel Ricciardo,7.3M,United States,238.3K,309.4K,Racing Sports,,September
952,953,ginaindelicada,Gina Indelicada,11.3M,Brazil,97.3K,199.4K,Humor & Fun & Happiness,,September
953,954,tovinothomas,Tovinoâš¡ï¸Thomas,7M,India,179.1K,321.7K,Cinema & Actors/actresses,,September
954,955,timatiofficial,13,18.5M,Russia,91.5K,121.4K,Fitness & Gym,Lifestyle,September
955,956,jayshetty,Jay Shetty,11.6M,United States,152.5K,192.6K,Literature & Journalism,Trainers & Coaches,September
956,957,camilacoelho,CAMILA COELHO,9.9M,Brazil,107K,228.8K,Shows,,September
957,958,becaa_barreto,Rebeca ğŸŒ™,9.9M,Brazil,119.8K,228.6K,Lifestyle,,September
958,959,prideofgypsies,Jason Momoa,17.1M,United States,101.3K,130K,Cinema & Actors/actresses,,September
959,960,raffinagita1717,Raffi Ahmad and Nagita Slavina,64M,Indonesia,23.8K,34.8K,Shows,,September
960,961,artmodel.one,Ğ®Ğ»ĞµÑ‡ĞºĞ°ğŸ’–Digital Art,7.2M,India,241.6K,313.5K,,,September
961,962,brycehall,Bryce Hall,7.2M,United States,242.1K,311K,,,September
962,963,silambarasantrofficial,Silambarasan TR,10.2M,India,169.6K,216.6K,Shows,Lifestyle,September
963,964,bowerjamie,á´Šá´€á´Éªá´‡ á´„á´€á´á´˜Ê™á´‡ÊŸÊŸ Ê™á´á´¡á´‡Ê€,5.5M,Italy,302.6K,403.4K,Cinema & Actors/actresses,,September
964,965,jordialbaoficial,Jordi Alba,14.6M,Spain,103.9K,150.2K,Sports with a ball,,September
965,966,violets.tv,Violet Summers,13.8M,Italy,118K,162.2K,Adult content,,September
966,967,nameisnani,Nani,5.3M,India,387.2K,418K,Humor & Fun & Happiness,Cinema & Actors/actresses,September
967,968,tommyinnit,TommyInnit,3.5M,France,567.8K,640.4K,Shows,Cinema & Actors/actresses,September
968,969,porsche,Porsche,26.8M,United States,63.5K,81.2K,Cars & Motorbikes,,September
969,970,lynaritaa,Lyna Perez,9M,United States,186.7K,246.7K,Lifestyle,,September
970,971,tarasutaria,TARAğŸ’«,8.1M,India,215.7K,271.7K,Cinema & Actors/actresses,,September
971,972,thibautcourtois,Thibaut Courtois,11M,Spain,135.2K,196.3K,Sports with a ball,,September
972,973,rubyrose,Ruby Rose,20.1M,United States,82K,108.3K,Modeling,,September
973,974,joesthetics,Jo Lindner,7.6M,India,190K,289.6K,Fitness & Gym,,September
974,975,brfootball,Bleacher Report Football,12.6M,United States,105.7K,170.9K,Sports with a ball,,September
975,976,kaka,KakaÌ,18.8M,Brazil,70.2K,114.7K,Sports with a ball,,September
976,977,therealjosephmorgan,Joseph Morgan,8M,Brazil,219.8K,275.1K,Cinema & Actors/actresses,Lifestyle,September
977,978,marioruiz,Mario Ruiz,6.2M,Mexico,224.1K,349.7K,Lifestyle,,September
978,979,laurenjauregui,Lauren Jauregui,10.8M,United States,135.9K,200.7K,,,September
979,980,tejasswiprakash,Tejasswi Prakash,6.3M,India,304.4K,376.7K,Fashion,Beauty,September
980,981,shahinsamadpoor,Shahin Samad poor Ø´Ø§Ù‡ÛŒÙ† ØµÙ…Ø¯Ù¾ÙˆØ±,4.7M,Iran,360.5K,475.9K,Literature & Journalism,Cinema & Actors/actresses,September
981,982,michelle_lewin,Michelle Lewin,15.1M,United States,101.6K,143.4K,Fitness & Gym,,September
982,983,mb459,Mario Balotelli Barwuah ğŸ‡®ğŸ‡¹ğŸ‡¬ğŸ‡­âš½ï¸,10.5M,Turkey,140.7K,206K,Sports with a ball,,September
983,984,bighit_exhibition,2022 BTS EXHIBITION : Proof,5.6M,Indonesia,310.3K,384.6K,,,September
984,985,mario_houses,Mario Casas,7M,Spain,210.1K,311K,Modeling,Cinema & Actors/actresses,September
985,986,valeyellow46,Valentino Rossi,14.1M,Indonesia,115.6K,151K,Racing Sports,,September
986,987,jeremyrenner,Jeremy Renner,17.9M,United States,99.8K,119.3K,Shows,Cinema & Actors/actresses,September
987,988,leeyoum262,á„‹á…µá„‹á…²á„†á…µ,7.5M,South Korea,235.5K,288.5K,Lifestyle,,September
988,989,choquei,CHOQUEI,17.5M,Brazil,39.8K,124.1K,Literature & Journalism,,September
989,990,lalioficial,LALIâ¤ï¸â€ğŸ”¥,11M,Argentina,136K,194.6K,,,September
990,991,naisaalifiayuriza,Naisa Alifia Yuriza,9.9M,Indonesia,194.9K,218.3K,Lifestyle,,September
991,992,francety,Francia James,11.4M,India,144.8K,190K,Adult content,,September
992,993,aidanrgallagher,Aidan R Gallagher,7.7M,Mexico,233.2K,280.6K,,,September
993,994,leosantana,O GIGANTE,17.9M,Brazil,63.7K,119.5K,,,September
994,995,dhanashree9,Dhanashree Verma,5.2M,India,326.9K,411.3K,Shows,,September
995,996,jadethirlwall,jade amelia thirlwall,9.4M,United States,174.2K,228.1K,,,September
996,997,ninja,User Not Found,12.9M,United States,127.8K,163.9K,Computers & Gadgets,Machinery & Technologies,September
997,998,myriamfares,Myriam Fares,20.6M,Iraq,75.8K,102.4K,,,September
998,999,optimushwang,í™©ë¯¼í˜„,4.2M,South Korea,426K,508K,Lifestyle,,September
999,1000,syifahadjureal,Syifa Hadju,15.5M,Indonesia,110.2K,136.1K,Modeling,,September
1000,951,tontawan,à¸•à¸¹ / t u ğŸŒ»(â€¢Ó©â€¢)à·†âƒ›,3.8M,Thailand,459.1K,603.8K,Beauty,Lifestyle,September
1001,952,danielricciardo,Daniel Ricciardo,7.3M,United States,238.3K,309.4K,Racing Sports,,September
1002,953,ginaindelicada,Gina Indelicada,11.3M,Brazil,97.3K,199.4K,Humor & Fun & Happiness,,September
1003,954,tovinothomas,Tovinoâš¡ï¸Thomas,7M,India,179.1K,321.7K,Cinema & Actors/actresses,,September
1004,955,timatiofficial,13,18.5M,Russia,91.5K,121.4K,Fitness & Gym,Lifestyle,September
1005,956,jayshetty,Jay Shetty,11.6M,United States,152.5K,192.6K,Literature & Journalism,Trainers & Coaches,September
1006,957,camilacoelho,CAMILA COELHO,9.9M,Brazil,107K,228.8K,Shows,,September
1007,958,becaa_barreto,Rebeca ğŸŒ™,9.9M,Brazil,119.8K,228.6K,Lifestyle,,September
1008,959,prideofgypsies,Jason Momoa,17.1M,United States,101.3K,130K,Cinema & Actors/actresses,,September
1009,960,raffinagita1717,Raffi Ahmad and Nagita Slavina,64M,Indonesia,23.8K,34.8K,Shows,,September
1010,961,artmodel.one,Ğ®Ğ»ĞµÑ‡ĞºĞ°ğŸ’–Digital Art,7.2M,India,241.6K,313.5K,,,September
1011,962,brycehall,Bryce Hall,7.2M,United States,242.1K,311K,,,September
1012,963,silambarasantrofficial,Silambarasan TR,10.2M,India,169.6K,216.6K,Shows,Lifestyle,September
1013,964,bowerjamie,á´Šá´€á´Éªá´‡ á´„á´€á´á´˜Ê™á´‡ÊŸÊŸ Ê™á´á´¡á´‡Ê€,5.5M,Italy,302.6K,403.4K,Cinema & Actors/actresses,,September
1014,965,jordialbaoficial,Jordi Alba,14.6M,Spain,103.9K,150.2K,Sports with a ball,,September
1015,966,violets.tv,Violet Summers,13.8M,Italy,118K,162.2K,Adult content,,September
1016,967,nameisnani,Nani,5.3M,India,387.2K,418K,Humor & Fun & Happiness,Cinema & Actors/actresses,September
1017,968,tommyinnit,TommyInnit,3.5M,France,567.8K,640.4K,Shows,Cinema & Actors/actresses,September
1018,969,porsche,Porsche,26.8M,United States,63.5K,81.2K,Cars & Motorbikes,,September
1019,970,lynaritaa,Lyna Perez,9M,United States,186.7K,246.7K,Lifestyle,,September
1020,971,tarasutaria,TARAğŸ’«,8.1M,India,215.7K,271.7K,Cinema & Actors/actresses,,September
1021,972,thibautcourtois,Thibaut Courtois,11M,Spain,135.2K,196.3K,Sports with a ball,,September
1022,973,rubyrose,Ruby Rose,20.1M,United States,82K,108.3K,Modeling,,September
1023,974,joesthetics,Jo Lindner,7.6M,India,190K,289.6K,Fitness & Gym,,September
1024,975,brfootball,Bleacher Report Football,12.6M,United States,105.7K,170.9K,Sports with a ball,,September
1025,976,kaka,KakaÌ,18.8M,Brazil,70.2K,114.7K,Sports with a ball,,September
1026,977,therealjosephmorgan,Joseph Morgan,8M,Brazil,219.8K,275.1K,Cinema & Actors/actresses,Lifestyle,September
1027,978,marioruiz,Mario Ruiz,6.2M,Mexico,224.1K,349.7K,Lifestyle,,September
1028,979,laurenjauregui,Lauren Jauregui,10.8M,United States,135.9K,200.7K,,,September
1029,980,tejasswiprakash,Tejasswi Prakash,6.3M,India,304.4K,376.7K,Fashion,Beauty,September
1030,981,shahinsamadpoor,Shahin Samad poor Ø´Ø§Ù‡ÛŒÙ† ØµÙ…Ø¯Ù¾ÙˆØ±,4.7M,Iran,360.5K,475.9K,Literature & Journalism,Cinema & Actors/actresses,September
1031,982,michelle_lewin,Michelle Lewin,15.1M,United States,101.6K,143.4K,Fitness & Gym,,September
1032,983,mb459,Mario Balotelli Barwuah ğŸ‡®ğŸ‡¹ğŸ‡¬ğŸ‡­âš½ï¸,10.5M,Turkey,140.7K,206K,Sports with a ball,,September
1033,984,bighit_exhibition,2022 BTS EXHIBITION : Proof,5.6M,Indonesia,310.3K,384.6K,,,September
1034,985,mario_houses,Mario Casas,7M,Spain,210.1K,311K,Modeling,Cinema & Actors/actresses,September
1035,986,valeyellow46,Valentino Rossi,14.1M,Indonesia,115.6K,151K,Racing Sports,,September
1036,987,jeremyrenner,Jeremy Renner,17.9M,United States,99.8K,119.3K,Shows,Cinema & Actors/actresses,September
1037,988,leeyoum262,á„‹á…µá„‹á…²á„†á…µ,7.5M,South Korea,235.5K,288.5K,Lifestyle,,September
1038,989,choquei,CHOQUEI,17.5M,Brazil,39.8K,124.1K,Literature & Journalism,,September
1039,990,lalioficial,LALIâ¤ï¸â€ğŸ”¥,11M,Argentina,136K,194.6K,,,September
1040,991,naisaalifiayuriza,Naisa Alifia Yuriza,9.9M,Indonesia,194.9K,218.3K,Lifestyle,,September
1041,992,francety,Francia James,11.4M,India,144.8K,190K,Adult content,,September
1042,993,aidanrgallagher,Aidan R Gallagher,7.7M,Mexico,233.2K,280.6K,,,September
1043,994,leosantana,O GIGANTE,17.9M,Brazil,63.7K,119.5K,,,September
1044,995,dhanashree9,Dhanashree Verma,5.2M,India,326.9K,411.3K,Shows,,September
1045,996,jadethirlwall,jade amelia thirlwall,9.4M,United States,174.2K,228.1K,,,September
1046,997,ninja,User Not Found,12.9M,United States,127.8K,163.9K,Computers & Gadgets,Machinery & Technologies,September
1047,998,myriamfares,Myriam Fares,20.6M,Iraq,75.8K,102.4K,,,September
1048,999,optimushwang,í™©ë¯¼í˜„,4.2M,South Korea,426K,508K,Lifestyle,,September
1049,1000,syifahadjureal,Syifa Hadju,15.5M,Indonesia,110.2K,136.1K,Modeling,,September
